PROD Atomic ID,Parent PROD,Status,Risk,Requirement,ENG Atomic 1,Score,ENG Atomic 2,Score,ENG Atomic 3,Score,Atomic Review,Authority State
PROD-000-R001,PROD-000,ACTIVE,C2,"V2 no es un listado de features. Es la especificación del sistema que debe existir antes de iniciar la construcción masiva. Cada módulo se define desde el problema clínico u operativo, el usuario, el flujo, el comportamiento, el riesgo y la evidencia de aceptación. Los detalles de SQL, APIs, repositorios, CI/CD y código pertenecen a V2.1.",ENG-100-R001 | El transaction boundary abarca clinical write + outbox + audit cuando la consistencia del flujo lo requiere. External side effects ocurren después del commit por consumer/workflow.,0.1197,"ENG-000-R001 | V2 es la especificación de producto y clínica. V2.1 no reabre objetivos por comodidad técnica: los transforma en ingeniería. Cuando una contradicción técnica obliga a modificar una intención V2, se genera Change Proposal",0.1152,,,MANUAL_ATOMIC_REVIEW,PENDING_EXPLICIT_APPROVAL
PROD-000-R002,PROD-000,ACTIVE,C2,"• V2 fija intención, comportamiento y fronteras.","ENG-000-R001 | V2 es la especificación de producto y clínica. V2.1 no reabre objetivos por comodidad técnica: los transforma en ingeniería. Cuando una contradicción técnica obliga a modificar una intención V2, se genera Change Proposal",0.0824,ENG-100-R001 | El transaction boundary abarca clinical write + outbox + audit cuando la consistencia del flujo lo requiere. External side effects ocurren después del commit por consumer/workflow.,0,,,MANUAL_ATOMIC_REVIEW,PENDING_EXPLICIT_APPROVAL
PROD-000-R003,PROD-000,ACTIVE,C2,• V2.1 traduce lo aprobado a arquitectura y código.,"ENG-000-R001 | V2 es la especificación de producto y clínica. V2.1 no reabre objetivos por comodidad técnica: los transforma en ingeniería. Cuando una contradicción técnica obliga a modificar una intención V2, se genera Change Proposal",0.0824,ENG-100-R001 | El transaction boundary abarca clinical write + outbox + audit cuando la consistencia del flujo lo requiere. External side effects ocurren después del commit por consumer/workflow.,0,,,MANUAL_ATOMIC_REVIEW,PENDING_EXPLICIT_APPROVAL
PROD-000-R004,PROD-000,ACTIVE,C2,• Una feature no aprobada en V2 no entra por conveniencia técnica.,"ENG-000-R001 | V2 es la especificación de producto y clínica. V2.1 no reabre objetivos por comodidad técnica: los transforma en ingeniería. Cuando una contradicción técnica obliga a modificar una intención V2, se genera Change Proposal",0.2883,ENG-100-R001 | El transaction boundary abarca clinical write + outbox + audit cuando la consistencia del flujo lo requiere. External side effects ocurren después del commit por consumer/workflow.,0.0888,,,CANDIDATE_MODERATE,PENDING_EXPLICIT_APPROVAL
PROD-000-R005,PROD-000,ACTIVE,C2,"• Un cambio posterior al Product Freeze exige análisis de impacto clínico, UX, seguridad, datos y regulación.","ENG-000-R001 | V2 es la especificación de producto y clínica. V2.1 no reabre objetivos por comodidad técnica: los transforma en ingeniería. Cuando una contradicción técnica obliga a modificar una intención V2, se genera Change Proposal",0.2467,ENG-100-R001 | El transaction boundary abarca clinical write + outbox + audit cuando la consistencia del flujo lo requiere. External side effects ocurren después del commit por consumer/workflow.,0,,,CANDIDATE_MODERATE,PENDING_EXPLICIT_APPROVAL
PROD-001-R001,PROD-001,ACTIVE,C2,• La complejidad vive detrás de una interfaz simple y estable.,"ENG-000-R001 | V2 es la especificación de producto y clínica. V2.1 no reabre objetivos por comodidad técnica: los transforma en ingeniería. Cuando una contradicción técnica obliga a modificar una intención V2, se genera Change Proposal",0.1078,ENG-100-R001 | El transaction boundary abarca clinical write + outbox + audit cuando la consistencia del flujo lo requiere. External side effects ocurren después del commit por consumer/workflow.,0,ENG-180-R001 | Tenant isolation.,0,MANUAL_ATOMIC_REVIEW,PENDING_EXPLICIT_APPROVAL
PROD-001-R002,PROD-001,ACTIVE,C4,"• Patient-first, problem-oriented y encounter-aware: el paciente persiste; el encuentro contextualiza; el problema organiza continuidad.","ENG-000-R001 | V2 es la especificación de producto y clínica. V2.1 no reabre objetivos por comodidad técnica: los transforma en ingeniería. Cuando una contradicción técnica obliga a modificar una intención V2, se genera Change Proposal",0,ENG-100-R001 | El transaction boundary abarca clinical write + outbox + audit cuando la consistencia del flujo lo requiere. External side effects ocurren después del commit por consumer/workflow.,0,ENG-180-R001 | Tenant isolation.,0,MANUAL_ATOMIC_REVIEW,PENDING_EXPLICIT_APPROVAL
PROD-001-R003,PROD-001,ACTIVE,C3,"• No existen datos clínicos sueltos: cada objeto relevante conserva tiempo, origen, estado, autor/fuente y provenance.",ENG-180-R004 | Provenance preservation.,0.1789,"ENG-000-R001 | V2 es la especificación de producto y clínica. V2.1 no reabre objetivos por comodidad técnica: los transforma en ingeniería. Cuando una contradicción técnica obliga a modificar una intención V2, se genera Change Proposal",0.0396,ENG-100-R001 | El transaction boundary abarca clinical write + outbox + audit cuando la consistencia del flujo lo requiere. External side effects ocurren después del commit por consumer/workflow.,0,MANUAL_ATOMIC_REVIEW,PENDING_EXPLICIT_APPROVAL
PROD-001-R004,PROD-001,ACTIVE,C5,"• No existen pendientes invisibles: un hallazgo/resultado/orden/referencia/seguimiento importante tiene estado, owner y cierre.","ENG-000-R001 | V2 es la especificación de producto y clínica. V2.1 no reabre objetivos por comodidad técnica: los transforma en ingeniería. Cuando una contradicción técnica obliga a modificar una intención V2, se genera Change Proposal",0,ENG-100-R001 | El transaction boundary abarca clinical write + outbox + audit cuando la consistencia del flujo lo requiere. External side effects ocurren después del commit por consumer/workflow.,0,ENG-180-R001 | Tenant isolation.,0,MANUAL_ATOMIC_REVIEW,PENDING_EXPLICIT_APPROVAL
PROD-001-R005,PROD-001,ACTIVE,C2,"• IA propone, resume, estructura, compara y ayuda a recuperar evidencia; el médico acepta, modifica o rechaza.","ENG-000-R001 | V2 es la especificación de producto y clínica. V2.1 no reabre objetivos por comodidad técnica: los transforma en ingeniería. Cuando una contradicción técnica obliga a modificar una intención V2, se genera Change Proposal",0,ENG-100-R001 | El transaction boundary abarca clinical write + outbox + audit cuando la consistencia del flujo lo requiere. External side effects ocurren después del commit por consumer/workflow.,0,ENG-180-R001 | Tenant isolation.,0,MANUAL_ATOMIC_REVIEW,PENDING_EXPLICIT_APPROVAL
PROD-001-R006,PROD-001,ACTIVE,C2,"• El producto no promete invulnerabilidad ni infalibilidad clínica. Promete controles verificables, transparencia, recuperación y mejora continua.","ENG-000-R001 | V2 es la especificación de producto y clínica. V2.1 no reabre objetivos por comodidad técnica: los transforma en ingeniería. Cuando una contradicción técnica obliga a modificar una intención V2, se genera Change Proposal",0.0912,ENG-100-R001 | El transaction boundary abarca clinical write + outbox + audit cuando la consistencia del flujo lo requiere. External side effects ocurren después del commit por consumer/workflow.,0,ENG-180-R001 | Tenant isolation.,0,MANUAL_ATOMIC_REVIEW,PENDING_EXPLICIT_APPROVAL
PROD-001-R007,PROD-001,ACTIVE,C4,"• La normativa, privacidad, seguridad, accesibilidad, interoperabilidad y clinical safety son arquitectura del producto, no anexos.",ENG-180-R008 | Deterministic safety core.,0.1764,ENG-100-R001 | El transaction boundary abarca clinical write + outbox + audit cuando la consistencia del flujo lo requiere. External side effects ocurren después del commit por consumer/workflow.,0.1261,"ENG-000-R001 | V2 es la especificación de producto y clínica. V2.1 no reabre objetivos por comodidad técnica: los transforma en ingeniería. Cuando una contradicción técnica obliga a modificar una intención V2, se genera Change Proposal",0.1015,MANUAL_ATOMIC_REVIEW,PENDING_EXPLICIT_APPROVAL
PROD-001-R008,PROD-001,ACTIVE,C2,"• El producto se diseña para desktop, laptop, iPad y móvil por capacidades reales del dispositivo.",ENG-100-R001 | El transaction boundary abarca clinical write + outbox + audit cuando la consistencia del flujo lo requiere. External side effects ocurren después del commit por consumer/workflow.,0.1894,"ENG-000-R001 | V2 es la especificación de producto y clínica. V2.1 no reabre objetivos por comodidad técnica: los transforma en ingeniería. Cuando una contradicción técnica obliga a modificar una intención V2, se genera Change Proposal",0.0946,ENG-180-R001 | Tenant isolation.,0,MANUAL_ATOMIC_REVIEW,PENDING_EXPLICIT_APPROVAL
PROD-001-R009,PROD-001,ACTIVE,C2,"• Cada decisión asistida debe ser explicable a nivel práctico: qué dato la disparó, de dónde viene el conocimiento y qué incertidumbre existe.","ENG-000-R001 | V2 es la especificación de producto y clínica. V2.1 no reabre objetivos por comodidad técnica: los transforma en ingeniería. Cuando una contradicción técnica obliga a modificar una intención V2, se genera Change Proposal",0,ENG-100-R001 | El transaction boundary abarca clinical write + outbox + audit cuando la consistencia del flujo lo requiere. External side effects ocurren después del commit por consumer/workflow.,0,ENG-180-R001 | Tenant isolation.,0,MANUAL_ATOMIC_REVIEW,PENDING_EXPLICIT_APPROVAL
PROD-001-R010,PROD-001,ACTIVE,C2,"• La deuda técnica que comprometa integridad clínica, seguridad o aislamiento bloquea el release.","ENG-000-R001 | V2 es la especificación de producto y clínica. V2.1 no reabre objetivos por comodidad técnica: los transforma en ingeniería. Cuando una contradicción técnica obliga a modificar una intención V2, se genera Change Proposal",0.2018,ENG-100-R001 | El transaction boundary abarca clinical write + outbox + audit cuando la consistencia del flujo lo requiere. External side effects ocurren después del commit por consumer/workflow.,0,ENG-180-R001 | Tenant isolation.,0,MANUAL_ATOMIC_REVIEW,PENDING_EXPLICIT_APPROVAL
PROD-003-R001,PROD-003,ACTIVE,C2,• No será un CRUD de pacientes decorado con cards.,ENG-003-R014 | 14. Change se cierra sólo con evidence links y acceptance demostrada.,0.1716,ENG-003-R006 | 6. Implementación en feature branch con environment aislado.,0.1661,ENG-003-R008 | 8. Preview clínico con datos sintéticos y UX review.,0.1519,MANUAL_ATOMIC_REVIEW,PENDING_EXPLICIT_APPROVAL
PROD-003-R002,PROD-003,ACTIVE,C2,• No será un chatbot dentro de un expediente.,ENG-003-R001 | 1. Requirement ID nace o se referencia desde V2.,0,ENG-003-R002 | 2. Product/clinical acceptance criteria se congelan.,0,ENG-003-R003 | 3. Architecture owner asigna bounded context y ADR si aplica.,0,MANUAL_ATOMIC_REVIEW,PENDING_EXPLICIT_APPROVAL
PROD-003-R003,PROD-003,ACTIVE,C2,• No será un formulario clínico gigante.,ENG-003-R008 | 8. Preview clínico con datos sintéticos y UX review.,0.1832,"ENG-000-R001 | V2 es la especificación de producto y clínica. V2.1 no reabre objetivos por comodidad técnica: los transforma en ingeniería. Cuando una contradicción técnica obliga a modificar una intención V2, se genera Change Proposal",0.075,ENG-003-R001 | 1. Requirement ID nace o se referencia desde V2.,0,MANUAL_ATOMIC_REVIEW,PENDING_EXPLICIT_APPROVAL
PROD-003-R004,PROD-003,ACTIVE,C2,• No será un sistema de notas aisladas que obliga a releer años de PDFs.,"ENG-000-R001 | V2 es la especificación de producto y clínica. V2.1 no reabre objetivos por comodidad técnica: los transforma en ingeniería. Cuando una contradicción técnica obliga a modificar una intención V2, se genera Change Proposal",0.059,ENG-003-R001 | 1. Requirement ID nace o se referencia desde V2.,0,ENG-003-R002 | 2. Product/clinical acceptance criteria se congelan.,0,MANUAL_ATOMIC_REVIEW,PENDING_EXPLICIT_APPROVAL
PROD-003-R005,PROD-003,ACTIVE,C2,• No será un sistema de alertas que interrumpe por todo.,"ENG-000-R001 | V2 es la especificación de producto y clínica. V2.1 no reabre objetivos por comodidad técnica: los transforma en ingeniería. Cuando una contradicción técnica obliga a modificar una intención V2, se genera Change Proposal",0.0559,ENG-003-R001 | 1. Requirement ID nace o se referencia desde V2.,0,ENG-003-R002 | 2. Product/clinical acceptance criteria se congelan.,0,MANUAL_ATOMIC_REVIEW,PENDING_EXPLICIT_APPROVAL
PROD-003-R006,PROD-003,ACTIVE,C2,• No será un catálogo de especialidades creado como forks distintos.,ENG-003-R001 | 1. Requirement ID nace o se referencia desde V2.,0,ENG-003-R002 | 2. Product/clinical acceptance criteria se congelan.,0,ENG-003-R003 | 3. Architecture owner asigna bounded context y ADR si aplica.,0,MANUAL_ATOMIC_REVIEW,PENDING_EXPLICIT_APPROVAL
PROD-003-R007,PROD-003,ACTIVE,C2,• No será una plataforma que use marketing de “IA médica” para esconder falta de validación.,"ENG-000-R001 | V2 es la especificación de producto y clínica. V2.1 no reabre objetivos por comodidad técnica: los transforma en ingeniería. Cuando una contradicción técnica obliga a modificar una intención V2, se genera Change Proposal",0.0883,ENG-003-R001 | 1. Requirement ID nace o se referencia desde V2.,0,ENG-003-R002 | 2. Product/clinical acceptance criteria se congelan.,0,MANUAL_ATOMIC_REVIEW,PENDING_EXPLICIT_APPROVAL
PROD-003-R008,PROD-003,ACTIVE,C2,"• No será una herramienta que obligue al médico a documentar dos veces para alimentar billing, receta o reportes.","ENG-000-R001 | V2 es la especificación de producto y clínica. V2.1 no reabre objetivos por comodidad técnica: los transforma en ingeniería. Cuando una contradicción técnica obliga a modificar una intención V2, se genera Change Proposal",0.0753,ENG-003-R001 | 1. Requirement ID nace o se referencia desde V2.,0,ENG-003-R002 | 2. Product/clinical acceptance criteria se congelan.,0,MANUAL_ATOMIC_REVIEW,PENDING_EXPLICIT_APPROVAL
PROD-004-R001,PROD-004,ACTIVE,C2,"No existe una lista finita y verificable de “todos los sistemas médicos del mundo”. V2 adopta un observatorio continuo por arquetipos y regiones. La regla es estudiar workflows y fricciones, no copiar listas de funciones.",ENG-100-R001 | El transaction boundary abarca clinical write + outbox + audit cuando la consistencia del flujo lo requiere. External side effects ocurren después del commit por consumer/workflow.,0.1297,"ENG-000-R001 | V2 es la especificación de producto y clínica. V2.1 no reabre objetivos por comodidad técnica: los transforma en ingeniería. Cuando una contradicción técnica obliga a modificar una intención V2, se genera Change Proposal",0.1191,,,MANUAL_ATOMIC_REVIEW,PENDING_EXPLICIT_APPROVAL
PROD-007-R001,PROD-007,ACTIVE,C2,Inicio no es un dashboard de métricas decorativas. Es la cola priorizada del trabajo clínico y operativo del médico.,ENG-100-R001 | El transaction boundary abarca clinical write + outbox + audit cuando la consistencia del flujo lo requiere. External side effects ocurren después del commit por consumer/workflow.,0.1982,ENG-003-R008 | 8. Preview clínico con datos sintéticos y UX review.,0.1036,ENG-003-R001 | 1. Requirement ID nace o se referencia desde V2.,0,MANUAL_ATOMIC_REVIEW,PENDING_EXPLICIT_APPROVAL
PROD-007-R002,PROD-007,ACTIVE,C2,• Agenda de hoy con contexto preconsulta.,ENG-003-R014 | 14. Change se cierra sólo con evidence links y acceptance demostrada.,0.1839,ENG-003-R006 | 6. Implementación en feature branch con environment aislado.,0.1779,ENG-003-R008 | 8. Preview clínico con datos sintéticos y UX review.,0.1628,MANUAL_ATOMIC_REVIEW,PENDING_EXPLICIT_APPROVAL
PROD-007-R003,PROD-007,ACTIVE,C5,"• Resultados nuevos, críticos y vencidos.",ENG-003-R008 | 8. Preview clínico con datos sintéticos y UX review.,0.1857,ENG-100-R001 | El transaction boundary abarca clinical write + outbox + audit cuando la consistencia del flujo lo requiere. External side effects ocurren después del commit por consumer/workflow.,0,ENG-003-R001 | 1. Requirement ID nace o se referencia desde V2.,0,MANUAL_ATOMIC_REVIEW,PENDING_EXPLICIT_APPROVAL
PROD-007-R004,PROD-007,ACTIVE,C2,• Obligaciones clínicas próximas o vencidas.,ENG-100-R001 | El transaction boundary abarca clinical write + outbox + audit cuando la consistencia del flujo lo requiere. External side effects ocurren después del commit por consumer/workflow.,0,ENG-003-R001 | 1. Requirement ID nace o se referencia desde V2.,0,ENG-003-R002 | 2. Product/clinical acceptance criteria se congelan.,0,MANUAL_ATOMIC_REVIEW,PENDING_EXPLICIT_APPROVAL
PROD-007-R005,PROD-007,ACTIVE,C2,• Pacientes que requieren atención por cambios relevantes.,ENG-100-R001 | El transaction boundary abarca clinical write + outbox + audit cuando la consistencia del flujo lo requiere. External side effects ocurren después del commit por consumer/workflow.,0.0821,ENG-003-R001 | 1. Requirement ID nace o se referencia desde V2.,0,ENG-003-R002 | 2. Product/clinical acceptance criteria se congelan.,0,MANUAL_ATOMIC_REVIEW,PENDING_EXPLICIT_APPROVAL
PROD-007-R006,PROD-007,ACTIVE,C2,• Notas/borradores pendientes de firma.,ENG-100-R001 | El transaction boundary abarca clinical write + outbox + audit cuando la consistencia del flujo lo requiere. External side effects ocurren después del commit por consumer/workflow.,0,ENG-003-R001 | 1. Requirement ID nace o se referencia desde V2.,0,ENG-003-R002 | 2. Product/clinical acceptance criteria se congelan.,0,MANUAL_ATOMIC_REVIEW,PENDING_EXPLICIT_APPROVAL
PROD-007-R007,PROD-007,ACTIVE,C2,• Mensajes clínicos que requieren respuesta.,ENG-100-R001 | El transaction boundary abarca clinical write + outbox + audit cuando la consistencia del flujo lo requiere. External side effects ocurren después del commit por consumer/workflow.,0,ENG-003-R001 | 1. Requirement ID nace o se referencia desde V2.,0,ENG-003-R002 | 2. Product/clinical acceptance criteria se congelan.,0,MANUAL_ATOMIC_REVIEW,PENDING_EXPLICIT_APPROVAL
PROD-007-R008,PROD-007,ACTIVE,C2,• Referencias/interconsultas pendientes.,ENG-100-R001 | El transaction boundary abarca clinical write + outbox + audit cuando la consistencia del flujo lo requiere. External side effects ocurren después del commit por consumer/workflow.,0,ENG-003-R001 | 1. Requirement ID nace o se referencia desde V2.,0,ENG-003-R002 | 2. Product/clinical acceptance criteria se congelan.,0,MANUAL_ATOMIC_REVIEW,PENDING_EXPLICIT_APPROVAL
PROD-007-R009,PROD-007,ACTIVE,C2,• Care gaps importantes que pueden resolverse en encuentros próximos.,ENG-100-R001 | El transaction boundary abarca clinical write + outbox + audit cuando la consistencia del flujo lo requiere. External side effects ocurren después del commit por consumer/workflow.,0,ENG-003-R001 | 1. Requirement ID nace o se referencia desde V2.,0,ENG-003-R002 | 2. Product/clinical acceptance criteria se congelan.,0,MANUAL_ATOMIC_REVIEW,PENDING_EXPLICIT_APPROVAL
PROD-007-R010,PROD-007,ACTIVE,C2,"• Panel de práctica: no-shows, carga, tiempos y operación, en segundo nivel.",ENG-100-R001 | El transaction boundary abarca clinical write + outbox + audit cuando la consistencia del flujo lo requiere. External side effects ocurren después del commit por consumer/workflow.,0,ENG-003-R001 | 1. Requirement ID nace o se referencia desde V2.,0,ENG-003-R002 | 2. Product/clinical acceptance criteria se congelan.,0,MANUAL_ATOMIC_REVIEW,PENDING_EXPLICIT_APPROVAL
PROD-008-R001,PROD-008,ACTIVE,C2,"La referencia visual definida por el proyecto se convierte en un lenguaje propio: violeta profundo para identidad/navegación, superficies claras, azul clínico, cards moderadas, aire visual, iconografía lineal y jerarquía estable. La estética nunca puede ocultar densidad necesaria ni convertir seguridad en decoración.","ENG-000-R001 | V2 es la especificación de producto y clínica. V2.1 no reabre objetivos por comodidad técnica: los transforma en ingeniería. Cuando una contradicción técnica obliga a modificar una intención V2, se genera Change Proposal",0.0779,,,,,MANUAL_ATOMIC_REVIEW,PENDING_EXPLICIT_APPROVAL
PROD-008-R002,PROD-008,ACTIVE,C2,• Máximo una acción primaria dominante por panel.,"ENG-000-R001 | V2 es la especificación de producto y clínica. V2.1 no reabre objetivos por comodidad técnica: los transforma en ingeniería. Cuando una contradicción técnica obliga a modificar una intención V2, se genera Change Proposal",0.1682,,,,,MANUAL_ATOMIC_REVIEW,PENDING_EXPLICIT_APPROVAL
PROD-008-R003,PROD-008,ACTIVE,C2,• Nunca usar color como único portador de significado.,"ENG-000-R001 | V2 es la especificación de producto y clínica. V2.1 no reabre objetivos por comodidad técnica: los transforma en ingeniería. Cuando una contradicción técnica obliga a modificar una intención V2, se genera Change Proposal",0.0582,,,,,MANUAL_ATOMIC_REVIEW,PENDING_EXPLICIT_APPROVAL
PROD-008-R004,PROD-008,ACTIVE,C4,• Patient context persistente en cualquier acción clínica.,"ENG-000-R001 | V2 es la especificación de producto y clínica. V2.1 no reabre objetivos por comodidad técnica: los transforma en ingeniería. Cuando una contradicción técnica obliga a modificar una intención V2, se genera Change Proposal",0.0808,,,,,MANUAL_ATOMIC_REVIEW,PENDING_EXPLICIT_APPROVAL
PROD-008-R005,PROD-008,ACTIVE,C3,"• Progressive disclosure: primero lo relevante, después detalle/provenance.","ENG-000-R001 | V2 es la especificación de producto y clínica. V2.1 no reabre objetivos por comodidad técnica: los transforma en ingeniería. Cuando una contradicción técnica obliga a modificar una intención V2, se genera Change Proposal",0,,,,,MANUAL_ATOMIC_REVIEW,PENDING_EXPLICIT_APPROVAL
PROD-008-R006,PROD-008,ACTIVE,C2,• No cadenas de modales para procesos clínicos.,"ENG-000-R001 | V2 es la especificación de producto y clínica. V2.1 no reabre objetivos por comodidad técnica: los transforma en ingeniería. Cuando una contradicción técnica obliga a modificar una intención V2, se genera Change Proposal",0,,,,,MANUAL_ATOMIC_REVIEW,PENDING_EXPLICIT_APPROVAL
PROD-008-R007,PROD-008,ACTIVE,C2,• Autosave de borrador visible; firmar y cerrar son eventos distintos.,"ENG-000-R001 | V2 es la especificación de producto y clínica. V2.1 no reabre objetivos por comodidad técnica: los transforma en ingeniería. Cuando una contradicción técnica obliga a modificar una intención V2, se genera Change Proposal",0,,,,,MANUAL_ATOMIC_REVIEW,PENDING_EXPLICIT_APPROVAL
PROD-008-R008,PROD-008,ACTIVE,C2,"• Keyboard-first en desktop, touch-native en iPad, mobile-specific en móvil.","ENG-000-R001 | V2 es la especificación de producto y clínica. V2.1 no reabre objetivos por comodidad técnica: los transforma en ingeniería. Cuando una contradicción técnica obliga a modificar una intención V2, se genera Change Proposal",0,,,,,MANUAL_ATOMIC_REVIEW,PENDING_EXPLICIT_APPROVAL
PROD-008-R009,PROD-008,ACTIVE,C4,• No cards meramente decorativas en Patient/Encounter Workspace.,"ENG-000-R001 | V2 es la especificación de producto y clínica. V2.1 no reabre objetivos por comodidad técnica: los transforma en ingeniería. Cuando una contradicción técnica obliga a modificar una intención V2, se genera Change Proposal",0,,,,,MANUAL_ATOMIC_REVIEW,PENDING_EXPLICIT_APPROVAL
PROD-010-R001,PROD-010,ACTIVE,C2,Crear una identidad longitudinal robusta que permita encontrar al paciente rápidamente sin sacrificar privacidad ni aumentar duplicados.,ENG-134-R004 | Clinical Domain / Longitudinal State: 14.,0.0709,ENG-070-R017 | 17. Timeline/audit/provenance reflect full chain.,0.0388,ENG-070-R001 | 1. Create tenant/org/facility/practitioner.,0,MANUAL_ATOMIC_REVIEW,PENDING_EXPLICIT_APPROVAL
PROD-010-R002,PROD-010,ACTIVE,C2,• Human-readable folio además de ID interno no predecible.,ENG-134-R011 | Frontend / Design System / Human Factors: 12.,0.1066,ENG-070-R001 | 1. Create tenant/org/facility/practitioner.,0,ENG-070-R002 | 2. Create/search patient with duplicate detection.,0,MANUAL_ATOMIC_REVIEW,PENDING_EXPLICIT_APPROVAL
PROD-010-R003,PROD-010,ACTIVE,C2,"• Nombre, fecha de nacimiento, sexo/contextos requeridos, contactos, identificadores, related persons, preferencias de comunicación.",ENG-070-R001 | 1. Create tenant/org/facility/practitioner.,0,ENG-070-R002 | 2. Create/search patient with duplicate detection.,0,ENG-070-R003 | 3. Open Patient Workspace from CurrentClinicalState.,0,MANUAL_ATOMIC_REVIEW,PENDING_EXPLICIT_APPROVAL
PROD-010-R004,PROD-010,ACTIVE,C2,"• Búsqueda por nombre, teléfono, email, folio y otros identificadores autorizados.",ENG-070-R001 | 1. Create tenant/org/facility/practitioner.,0,ENG-070-R002 | 2. Create/search patient with duplicate detection.,0,ENG-070-R003 | 3. Open Patient Workspace from CurrentClinicalState.,0,MANUAL_ATOMIC_REVIEW,PENDING_EXPLICIT_APPROVAL
PROD-010-R005,PROD-010,ACTIVE,C2,"• Duplicate detection, merge controlado y unmerge/recovery cuando sea viable.",ENG-070-R002 | 2. Create/search patient with duplicate detection.,0.2137,ENG-070-R011 | 11. Plan with service request + follow-up obligation.,0.0449,ENG-134-R005 | Medication / Orders / Results / Follow-up: 12.,0.0406,MANUAL_ATOMIC_REVIEW,PENDING_EXPLICIT_APPROVAL
PROD-010-R006,PROD-010,ACTIVE,C2,• Alias/previous names y múltiples contactos.,ENG-070-R001 | 1. Create tenant/org/facility/practitioner.,0,ENG-070-R002 | 2. Create/search patient with duplicate detection.,0,ENG-070-R003 | 3. Open Patient Workspace from CurrentClinicalState.,0,MANUAL_ATOMIC_REVIEW,PENDING_EXPLICIT_APPROVAL
PROD-010-R007,PROD-010,ACTIVE,C2,• Command palette universal.,ENG-070-R001 | 1. Create tenant/org/facility/practitioner.,0,ENG-070-R002 | 2. Create/search patient with duplicate detection.,0,ENG-070-R003 | 3. Open Patient Workspace from CurrentClinicalState.,0,MANUAL_ATOMIC_REVIEW,PENDING_EXPLICIT_APPROVAL
PROD-010-R008,PROD-010,ACTIVE,C5,• Resultados muestran suficiente contexto para desambiguar sin exponer más PHI de la necesaria.,ENG-070-R015 | 15. Receive result later.,0.1639,ENG-070-R016 | 16. Result Inbox acknowledge/action/inform/close.,0.1154,ENG-134-R005 | Medication / Orders / Results / Follow-up: 12.,0.0798,MANUAL_ATOMIC_REVIEW,PENDING_EXPLICIT_APPROVAL
PROD-010-R009,PROD-010,ACTIVE,C2,"• Crear paciente debe pedir mínimo seguro, no un expediente completo.",ENG-070-R001 | 1. Create tenant/org/facility/practitioner.,0,ENG-070-R002 | 2. Create/search patient with duplicate detection.,0,ENG-070-R003 | 3. Open Patient Workspace from CurrentClinicalState.,0,MANUAL_ATOMIC_REVIEW,PENDING_EXPLICIT_APPROVAL
PROD-010-R010,PROD-010,ACTIVE,C2,• Merge requiere preview de conflictos y trazabilidad.,ENG-070-R001 | 1. Create tenant/org/facility/practitioner.,0,ENG-070-R002 | 2. Create/search patient with duplicate detection.,0,ENG-070-R003 | 3. Open Patient Workspace from CurrentClinicalState.,0,MANUAL_ATOMIC_REVIEW,PENDING_EXPLICIT_APPROVAL
PROD-010-R011,PROD-010,ACTIVE,C2,• No enumeración pública de pacientes.,ENG-070-R001 | 1. Create tenant/org/facility/practitioner.,0,ENG-070-R002 | 2. Create/search patient with duplicate detection.,0,ENG-070-R003 | 3. Open Patient Workspace from CurrentClinicalState.,0,MANUAL_ATOMIC_REVIEW,PENDING_EXPLICIT_APPROVAL
PROD-010-R012,PROD-010,ACTIVE,C2,• No IDs secuenciales como control de acceso.,ENG-070-R001 | 1. Create tenant/org/facility/practitioner.,0,ENG-070-R002 | 2. Create/search patient with duplicate detection.,0,ENG-070-R003 | 3. Open Patient Workspace from CurrentClinicalState.,0,MANUAL_ATOMIC_REVIEW,PENDING_EXPLICIT_APPROVAL
PROD-010-R013,PROD-010,ACTIVE,C2,• Accesos a pacientes sensibles pueden tener políticas adicionales.,ENG-070-R001 | 1. Create tenant/org/facility/practitioner.,0,ENG-070-R002 | 2. Create/search patient with duplicate detection.,0,ENG-070-R003 | 3. Open Patient Workspace from CurrentClinicalState.,0,MANUAL_ATOMIC_REVIEW,PENDING_EXPLICIT_APPROVAL
PROD-010-R014,PROD-010,ACTIVE,C2,• Encontrar paciente habitual en segundos.,ENG-070-R001 | 1. Create tenant/org/facility/practitioner.,0,ENG-070-R002 | 2. Create/search patient with duplicate detection.,0,ENG-070-R003 | 3. Open Patient Workspace from CurrentClinicalState.,0,MANUAL_ATOMIC_REVIEW,PENDING_EXPLICIT_APPROVAL
PROD-010-R015,PROD-010,ACTIVE,C2,• Búsqueda maneja typos y nombres compuestos.,ENG-070-R001 | 1. Create tenant/org/facility/practitioner.,0,ENG-070-R002 | 2. Create/search patient with duplicate detection.,0,ENG-070-R003 | 3. Open Patient Workspace from CurrentClinicalState.,0,MANUAL_ATOMIC_REVIEW,PENDING_EXPLICIT_APPROVAL
PROD-010-R016,PROD-010,ACTIVE,C2,• No se crea duplicado silencioso si existe match de alta probabilidad.,ENG-070-R001 | 1. Create tenant/org/facility/practitioner.,0,ENG-070-R002 | 2. Create/search patient with duplicate detection.,0,ENG-070-R003 | 3. Open Patient Workspace from CurrentClinicalState.,0,MANUAL_ATOMIC_REVIEW,PENDING_EXPLICIT_APPROVAL
PROD-011-R001,PROD-011,ACTIVE,C2,"Convertir el expediente en un espacio de estado clínico longitudinal, no en una lista cronológica de notas.",ENG-231-R002 | Timeline grouping is a read model; it does not duplicate clinical truth.,0.0505,ENG-070-R017 | 17. Timeline/audit/provenance reflect full chain.,0.0464,ENG-070-R001 | 1. Create tenant/org/facility/practitioner.,0,MANUAL_ATOMIC_REVIEW,PENDING_EXPLICIT_APPROVAL
PROD-011-R002,PROD-011,ACTIVE,C4,• Patient Header persistente.,ENG-070-R001 | 1. Create tenant/org/facility/practitioner.,0,ENG-070-R002 | 2. Create/search patient with duplicate detection.,0,ENG-070-R003 | 3. Open Patient Workspace from CurrentClinicalState.,0,MANUAL_ATOMIC_REVIEW,PENDING_EXPLICIT_APPROVAL
PROD-011-R003,PROD-011,ACTIVE,C2,• Resumen de estado clínico.,ENG-070-R001 | 1. Create tenant/org/facility/practitioner.,0,ENG-070-R002 | 2. Create/search patient with duplicate detection.,0,ENG-070-R003 | 3. Open Patient Workspace from CurrentClinicalState.,0,MANUAL_ATOMIC_REVIEW,PENDING_EXPLICIT_APPROVAL
PROD-011-R004,PROD-011,ACTIVE,C2,• Timeline unificada.,ENG-231-R002 | Timeline grouping is a read model; it does not duplicate clinical truth.,0.4942,ENG-070-R017 | 17. Timeline/audit/provenance reflect full chain.,0.4539,ENG-070-R001 | 1. Create tenant/org/facility/practitioner.,0,CANDIDATE_STRONG,PENDING_EXPLICIT_APPROVAL
PROD-011-R005,PROD-011,ACTIVE,C2,"• Problemas, medicamentos, alergias, estudios, imagen, notas, documentos, preventivo.",ENG-070-R001 | 1. Create tenant/org/facility/practitioner.,0,ENG-070-R002 | 2. Create/search patient with duplicate detection.,0,ENG-070-R003 | 3. Open Patient Workspace from CurrentClinicalState.,0,MANUAL_ATOMIC_REVIEW,PENDING_EXPLICIT_APPROVAL
PROD-011-R006,PROD-011,ACTIVE,C2,"• Context Rail con cambios, riesgos, pendientes y care gaps.",ENG-070-R001 | 1. Create tenant/org/facility/practitioner.,0,ENG-070-R002 | 2. Create/search patient with duplicate detection.,0,ENG-070-R003 | 3. Open Patient Workspace from CurrentClinicalState.,0,MANUAL_ATOMIC_REVIEW,PENDING_EXPLICIT_APPROVAL
PROD-011-R007,PROD-011,ACTIVE,C2,"• Acciones rápidas: nueva consulta, orden, receta, documento, comunicación.",ENG-070-R001 | 1. Create tenant/org/facility/practitioner.,0,ENG-070-R002 | 2. Create/search patient with duplicate detection.,0,ENG-070-R003 | 3. Open Patient Workspace from CurrentClinicalState.,0,MANUAL_ATOMIC_REVIEW,PENDING_EXPLICIT_APPROVAL
PROD-011-R008,PROD-011,ACTIVE,C5,"• Apertura responde en <10 s a problemas activos, alergias, meds, cambios, últimos resultados y pendientes.",ENG-070-R015 | 15. Receive result later.,0.1612,ENG-070-R016 | 16. Result Inbox acknowledge/action/inform/close.,0.1134,ENG-070-R001 | 1. Create tenant/org/facility/practitioner.,0,MANUAL_ATOMIC_REVIEW,PENDING_EXPLICIT_APPROVAL
PROD-011-R009,PROD-011,ACTIVE,C2,• Detalle se abre sin perder contexto actual.,ENG-070-R001 | 1. Create tenant/org/facility/practitioner.,0,ENG-070-R002 | 2. Create/search patient with duplicate detection.,0,ENG-070-R003 | 3. Open Patient Workspace from CurrentClinicalState.,0,MANUAL_ATOMIC_REVIEW,PENDING_EXPLICIT_APPROVAL
PROD-011-R010,PROD-011,ACTIVE,C5,• Timeline filtra por problem/medication/result/document/encounter.,ENG-070-R012 | 12. Medication prescription with safety evaluator.,0.3242,ENG-231-R002 | Timeline grouping is a read model; it does not duplicate clinical truth.,0.3091,ENG-070-R017 | 17. Timeline/audit/provenance reflect full chain.,0.2839,CANDIDATE_MODERATE,PENDING_EXPLICIT_APPROVAL
PROD-011-R011,PROD-011,ACTIVE,C2,• Información actual y histórica se distinguen claramente.,ENG-070-R001 | 1. Create tenant/org/facility/practitioner.,0,ENG-070-R002 | 2. Create/search patient with duplicate detection.,0,ENG-070-R003 | 3. Open Patient Workspace from CurrentClinicalState.,0,MANUAL_ATOMIC_REVIEW,PENDING_EXPLICIT_APPROVAL
PROD-011-R012,PROD-011,ACTIVE,C2,• No cargar todo el expediente de forma que degrade rendimiento o exponga datos no necesarios.,ENG-070-R001 | 1. Create tenant/org/facility/practitioner.,0,ENG-070-R002 | 2. Create/search patient with duplicate detection.,0,ENG-070-R003 | 3. Open Patient Workspace from CurrentClinicalState.,0,MANUAL_ATOMIC_REVIEW,PENDING_EXPLICIT_APPROVAL
PROD-011-R013,PROD-011,ACTIVE,C2,"• Alertas críticas siempre visibles en contexto, no escondidas en tabs.",ENG-070-R001 | 1. Create tenant/org/facility/practitioner.,0,ENG-070-R002 | 2. Create/search patient with duplicate detection.,0,ENG-070-R003 | 3. Open Patient Workspace from CurrentClinicalState.,0,MANUAL_ATOMIC_REVIEW,PENDING_EXPLICIT_APPROVAL
PROD-011-R014,PROD-011,ACTIVE,C2,• Un médico puede comprender estado actual sin abrir múltiples notas.,ENG-070-R001 | 1. Create tenant/org/facility/practitioner.,0,ENG-070-R002 | 2. Create/search patient with duplicate detection.,0,ENG-070-R003 | 3. Open Patient Workspace from CurrentClinicalState.,0,MANUAL_ATOMIC_REVIEW,PENDING_EXPLICIT_APPROVAL
PROD-011-R015,PROD-011,ACTIVE,C2,• Paciente con 10 años de datos sigue siendo navegable.,ENG-070-R001 | 1. Create tenant/org/facility/practitioner.,0,ENG-070-R002 | 2. Create/search patient with duplicate detection.,0,ENG-070-R003 | 3. Open Patient Workspace from CurrentClinicalState.,0,MANUAL_ATOMIC_REVIEW,PENDING_EXPLICIT_APPROVAL
PROD-011-R016,PROD-011,ACTIVE,C2,• Timeline y state summary nunca contradicen la fuente firmada sin mostrar reconciliación.,ENG-231-R002 | Timeline grouping is a read model; it does not duplicate clinical truth.,0.2472,ENG-070-R017 | 17. Timeline/audit/provenance reflect full chain.,0.2271,ENG-070-R003 | 3. Open Patient Workspace from CurrentClinicalState.,0.1175,CANDIDATE_MODERATE,PENDING_EXPLICIT_APPROVAL
PROD-012-R001,PROD-012,ACTIVE,C4,Clinical Patient State es una representación derivada del expediente. No reemplaza los datos fuente. Debe poder reconstruirse para un punto temporal y explicar qué objetos lo sustentan.,"ENG-000-R001 | V2 es la especificación de producto y clínica. V2.1 no reabre objetivos por comodidad técnica: los transforma en ingeniería. Cuando una contradicción técnica obliga a modificar una intención V2, se genera Change Proposal",0.1362,ENG-284-R003 | State-machine version changes receive semantic diff.,0.1176,"ENG-284-R001 | Define explicit state machines for Goal, Hypothesis, Intervention, Expected Result, Treatment Response, Referral, Message and Obligation lifecycles.",0.0618,MANUAL_ATOMIC_REVIEW,PENDING_EXPLICIT_APPROVAL
PROD-014-R001,PROD-014,ACTIVE,C2,Convertir la consulta en una experiencia continua que acompaña el pensamiento clínico sin obligar al médico a navegar módulos inconexos.,ENG-070-R001 | 1. Create tenant/org/facility/practitioner.,0,ENG-070-R002 | 2. Create/search patient with duplicate detection.,0,ENG-070-R003 | 3. Open Patient Workspace from CurrentClinicalState.,0,MANUAL_ATOMIC_REVIEW,PENDING_EXPLICIT_APPROVAL
PROD-014-R002,PROD-014,ACTIVE,C2,• Pre-visit brief.,ENG-290-R001 | Pre-visit: identify meaningful delta and pending obligations.,0.4274,ENG-070-R001 | 1. Create tenant/org/facility/practitioner.,0,ENG-070-R002 | 2. Create/search patient with duplicate detection.,0,CANDIDATE_STRONG,PENDING_EXPLICIT_APPROVAL
PROD-014-R003,PROD-014,ACTIVE,C2,• Datos/antecedentes contextualizados.,ENG-070-R001 | 1. Create tenant/org/facility/practitioner.,0,ENG-070-R002 | 2. Create/search patient with duplicate detection.,0,ENG-070-R003 | 3. Open Patient Workspace from CurrentClinicalState.,0,MANUAL_ATOMIC_REVIEW,PENDING_EXPLICIT_APPROVAL
PROD-014-R004,PROD-014,ACTIVE,C2,• Signos vitales.,ENG-070-R001 | 1. Create tenant/org/facility/practitioner.,0,ENG-070-R002 | 2. Create/search patient with duplicate detection.,0,ENG-070-R003 | 3. Open Patient Workspace from CurrentClinicalState.,0,MANUAL_ATOMIC_REVIEW,PENDING_EXPLICIT_APPROVAL
PROD-014-R005,PROD-014,ACTIVE,C2,• Motivo y HPI adaptativo.,ENG-070-R007 | 7. Adaptive HPI.,0.3891,ENG-070-R001 | 1. Create tenant/org/facility/practitioner.,0,ENG-070-R002 | 2. Create/search patient with duplicate detection.,0,CANDIDATE_STRONG,PENDING_EXPLICIT_APPROVAL
PROD-014-R006,PROD-014,ACTIVE,C2,• Estudios disponibles.,ENG-070-R001 | 1. Create tenant/org/facility/practitioner.,0,ENG-070-R002 | 2. Create/search patient with duplicate detection.,0,ENG-070-R003 | 3. Open Patient Workspace from CurrentClinicalState.,0,MANUAL_ATOMIC_REVIEW,PENDING_EXPLICIT_APPROVAL
PROD-014-R007,PROD-014,ACTIVE,C2,• Exploración física.,ENG-070-R001 | 1. Create tenant/org/facility/practitioner.,0,ENG-070-R002 | 2. Create/search patient with duplicate detection.,0,ENG-070-R003 | 3. Open Patient Workspace from CurrentClinicalState.,0,MANUAL_ATOMIC_REVIEW,PENDING_EXPLICIT_APPROVAL
PROD-014-R008,PROD-014,ACTIVE,C2,• Assessment/differential.,ENG-070-R010 | 10. Assessment with hypothesis/problem.,0.4343,ENG-064-R007 | • Threat/privacy assessment complete,0.2853,ENG-070-R001 | 1. Create tenant/org/facility/practitioner.,0,CANDIDATE_STRONG,PENDING_EXPLICIT_APPROVAL
PROD-014-R009,PROD-014,ACTIVE,C5,"• Plan, órdenes, procedimientos, educación, follow-up.",ENG-070-R011 | 11. Plan with service request + follow-up obligation.,0.7377,ENG-290-R003 | Plan compile: create prescription/order/monitoring/follow-up without re-entry.,0.6652,ENG-290-R007 | Patient loop: action plan → barrier/comprehension → routed follow-up.,0.6253,CANDIDATE_STRONG,PENDING_EXPLICIT_APPROVAL
PROD-014-R010,PROD-014,ACTIVE,C2,• Receta cerca del final.,ENG-070-R001 | 1. Create tenant/org/facility/practitioner.,0,ENG-070-R002 | 2. Create/search patient with duplicate detection.,0,ENG-070-R003 | 3. Open Patient Workspace from CurrentClinicalState.,0,MANUAL_ATOMIC_REVIEW,PENDING_EXPLICIT_APPROVAL
PROD-014-R011,PROD-014,ACTIVE,C2,"• Review, firma y cierre.",ENG-064-R019 | • Usability review if new interaction/alert,0.085,ENG-290-R004 | Result loop: receive/correct/review/action/communicate/reassess.,0.0544,ENG-070-R001 | 1. Create tenant/org/facility/practitioner.,0,MANUAL_ATOMIC_REVIEW,PENDING_EXPLICIT_APPROVAL
PROD-014-R012,PROD-014,ACTIVE,C2,• Orden base: datos personales/antecedentes → vitales → HPI → estudios → exploración → assessment → plan → receta → cierre.,ENG-070-R007 | 7. Adaptive HPI.,0.1925,ENG-070-R010 | 10. Assessment with hypothesis/problem.,0.1204,ENG-064-R007 | • Threat/privacy assessment complete,0.0791,MANUAL_ATOMIC_REVIEW,PENDING_EXPLICIT_APPROVAL
PROD-014-R013,PROD-014,ACTIVE,C2,• Especialidades pueden extender/reordenar sólo mediante pack gobernado.,ENG-070-R001 | 1. Create tenant/org/facility/practitioner.,0,ENG-070-R002 | 2. Create/search patient with duplicate detection.,0,ENG-070-R003 | 3. Open Patient Workspace from CurrentClinicalState.,0,MANUAL_ATOMIC_REVIEW,PENDING_EXPLICIT_APPROVAL
PROD-014-R014,PROD-014,ACTIVE,C2,• El médico puede saltar entre pasos sin perder estado.,ENG-070-R001 | 1. Create tenant/org/facility/practitioner.,0,ENG-070-R002 | 2. Create/search patient with duplicate detection.,0,ENG-070-R003 | 3. Open Patient Workspace from CurrentClinicalState.,0,MANUAL_ATOMIC_REVIEW,PENDING_EXPLICIT_APPROVAL
PROD-014-R015,PROD-014,ACTIVE,C2,• Autosave silencioso pero visible.,ENG-070-R001 | 1. Create tenant/org/facility/practitioner.,0,ENG-070-R002 | 2. Create/search patient with duplicate detection.,0,ENG-070-R003 | 3. Open Patient Workspace from CurrentClinicalState.,0,MANUAL_ATOMIC_REVIEW,PENDING_EXPLICIT_APPROVAL
PROD-014-R016,PROD-014,ACTIVE,C2,• Pre-visit context no invade la conversación.,ENG-290-R001 | Pre-visit: identify meaningful delta and pending obligations.,0.3408,ENG-070-R001 | 1. Create tenant/org/facility/practitioner.,0,ENG-070-R002 | 2. Create/search patient with duplicate detection.,0,CANDIDATE_MODERATE,PENDING_EXPLICIT_APPROVAL
PROD-014-R017,PROD-014,ACTIVE,C5,• Critical safety blockers pueden impedir firma sólo cuando la regla está definida como blocking.,ENG-064-R008 | • Clinical safety impact complete,0.1365,ENG-070-R012 | 12. Medication prescription with safety evaluator.,0.1076,ENG-070-R001 | 1. Create tenant/org/facility/practitioner.,0,MANUAL_ATOMIC_REVIEW,PENDING_EXPLICIT_APPROVAL
PROD-014-R018,PROD-014,ACTIVE,C5,"• No auto-sign, no auto-order, no auto-prescribe.",ENG-070-R014 | 14. Sign encounter snapshot.,0.2027,ENG-290-R003 | Plan compile: create prescription/order/monitoring/follow-up without re-entry.,0.0529,ENG-070-R001 | 1. Create tenant/org/facility/practitioner.,0,MANUAL_ATOMIC_REVIEW,PENDING_EXPLICIT_APPROVAL
PROD-014-R019,PROD-014,ACTIVE,C2,• Información sugerida por IA permanece como draft hasta aceptación.,ENG-070-R001 | 1. Create tenant/org/facility/practitioner.,0,ENG-070-R002 | 2. Create/search patient with duplicate detection.,0,ENG-070-R003 | 3. Open Patient Workspace from CurrentClinicalState.,0,MANUAL_ATOMIC_REVIEW,PENDING_EXPLICIT_APPROVAL
PROD-014-R020,PROD-014,ACTIVE,C2,• Consulta habitual puede completarse sin abandonar Encounter Workspace.,ENG-070-R004 | 4. Start encounter.,0.1077,ENG-070-R003 | 3. Open Patient Workspace from CurrentClinicalState.,0.1053,ENG-070-R014 | 14. Sign encounter snapshot.,0.0921,MANUAL_ATOMIC_REVIEW,PENDING_EXPLICIT_APPROVAL
PROD-014-R021,PROD-014,ACTIVE,C2,"• No duplicación de datos entre nota, receta y orden.",ENG-070-R001 | 1. Create tenant/org/facility/practitioner.,0,ENG-070-R002 | 2. Create/search patient with duplicate detection.,0,ENG-070-R003 | 3. Open Patient Workspace from CurrentClinicalState.,0,MANUAL_ATOMIC_REVIEW,PENDING_EXPLICIT_APPROVAL
PROD-014-R022,PROD-014,ACTIVE,C2,• Firma produce snapshot reproducible y cualquier corrección posterior es addendum/amendment.,ENG-070-R014 | 14. Sign encounter snapshot.,0.1514,ENG-070-R001 | 1. Create tenant/org/facility/practitioner.,0,ENG-070-R002 | 2. Create/search patient with duplicate detection.,0,MANUAL_ATOMIC_REVIEW,PENDING_EXPLICIT_APPROVAL
PROD-015-R001,PROD-015,ACTIVE,C5,"• Resumen clínico de una pantalla: motivo programado, last encounter, active problems, meds/allergies, recent results, open obligations.",ENG-170-R002 | Priority: patient identity → immediate safety → current task → current state → pending obligations/results → supporting history → AI/secondary intelligence.,0.1369,ENG-015-R005 | • Question graph version recorded per encounter.,0.0536,ENG-015-R001 | • Store explicit unknown/not-asked/negative/positive/not-applicable.,0,MANUAL_ATOMIC_REVIEW,PENDING_EXPLICIT_APPROVAL
PROD-015-R002,PROD-015,ACTIVE,C5,"• Cambios desde la última consulta: peso, BP, labs, meds, new diagnoses, hospitalizations.",ENG-015-R001 | • Store explicit unknown/not-asked/negative/positive/not-applicable.,0,ENG-015-R002 | • Previous answers reused according to repeatPolicy; never silently treat stale answer as current.,0,ENG-015-R003 | • Narrative renderer references structured answers rather than duplicating truth.,0,MANUAL_ATOMIC_REVIEW,PENDING_EXPLICIT_APPROVAL
PROD-015-R003,PROD-015,ACTIVE,C2,"• Preparación contextual: studies pending, monitoring due, care opportunities.","ENG-170-R001 | Desktop baseline: persistent patient identity/state rail, central Clinical Workspace, contextual Intelligence Rail.",0.0955,ENG-170-R002 | Priority: patient identity → immediate safety → current task → current state → pending obligations/results → supporting history → AI/secondary intelligence.,0.0695,ENG-015-R001 | • Store explicit unknown/not-asked/negative/positive/not-applicable.,0,MANUAL_ATOMIC_REVIEW,PENDING_EXPLICIT_APPROVAL
PROD-015-R004,PROD-015,ACTIVE,C2,• No generar diagnósticos anticipados a partir de agenda o motivo insuficiente.,ENG-015-R001 | • Store explicit unknown/not-asked/negative/positive/not-applicable.,0,ENG-015-R002 | • Previous answers reused according to repeatPolicy; never silently treat stale answer as current.,0,ENG-015-R003 | • Narrative renderer references structured answers rather than duplicating truth.,0,MANUAL_ATOMIC_REVIEW,PENDING_EXPLICIT_APPROVAL
PROD-015-R005,PROD-015,ACTIVE,C2,• Permitir “focus mode” para que el médico oculte paneles no necesarios.,ENG-015-R001 | • Store explicit unknown/not-asked/negative/positive/not-applicable.,0,ENG-015-R002 | • Previous answers reused according to repeatPolicy; never silently treat stale answer as current.,0,ENG-015-R003 | • Narrative renderer references structured answers rather than duplicating truth.,0,MANUAL_ATOMIC_REVIEW,PENDING_EXPLICIT_APPROVAL
PROD-016-R001,PROD-016,ACTIVE,C2,"La historia clínica es un grafo de preguntas y conceptos, no una plantilla estática. Debe distinguir información conocida de información no preguntada y decidir cuándo vale la pena reconfirmar.","ENG-000-R001 | V2 es la especificación de producto y clínica. V2.1 no reabre objetivos por comodidad técnica: los transforma en ingeniería. Cuando una contradicción técnica obliga a modificar una intención V2, se genera Change Proposal",0.096,ENG-016-R001 | • Observation = value/coded result + unit/system + effective time + source/device + performer + quality/context.,0,"ENG-016-R002 | • BP supports components, position/cuff/context when captured.",0,MANUAL_ATOMIC_REVIEW,PENDING_EXPLICIT_APPROVAL
PROD-017-R001,PROD-017,ACTIVE,C2,Coverage Map hace visible qué dominios de información potencialmente relevantes se han cubierto. No da una “calificación al médico” ni exige completar todo.,ENG-017-R001 | • ExamFinding is structured concept where useful plus narrative region.,0,ENG-017-R002 | • Focused exam suggestions come from Clinical Knowledge Package and chief-complaint context.,0,ENG-017-R003 | • Absence of a documented exam ≠ normal.,0,MANUAL_ATOMIC_REVIEW,PENDING_EXPLICIT_APPROVAL
PROD-017-R002,PROD-017,ACTIVE,C2,• Mostrar covered / missing / unknown / not-applicable.,ENG-218-R003 | Unknown response remains UNKNOWN; missing follow-up cannot become treatment failure or success.,0.2858,"ENG-032-R001 | • Omission Engine asks: what missing fact/action could materially change safety, differential, test, treatment or follow-up?",0.2059,"ENG-017-R004 | • Exam templates are specialty/content versions, not static frontend forms.",0.0153,CANDIDATE_MODERATE,PENDING_EXPLICIT_APPROVAL
PROD-017-R003,PROD-017,ACTIVE,C5,"• Priorizar dominios que podrían cambiar safety, differential, testing, treatment o follow-up.","ENG-032-R001 | • Omission Engine asks: what missing fact/action could materially change safety, differential, test, treatment or follow-up?",0.5503,ENG-218-R003 | Unknown response remains UNKNOWN; missing follow-up cannot become treatment failure or success.,0.5088,"ENG-032-R002 | • Concordance Engine flags contradictions (allergy vs Rx, diagnosis vs problem state, impossible age/context, duplicated therapies, note vs structured record) for reconciliation.",0.1204,CANDIDATE_STRONG,PENDING_EXPLICIT_APPROVAL
PROD-017-R004,PROD-017,ACTIVE,C2,• Permitir justificar por qué no se exploró algo.,ENG-017-R001 | • ExamFinding is structured concept where useful plus narrative region.,0,ENG-017-R002 | • Focused exam suggestions come from Clinical Knowledge Package and chief-complaint context.,0,ENG-017-R003 | • Absence of a documented exam ≠ normal.,0,MANUAL_ATOMIC_REVIEW,PENDING_EXPLICIT_APPROVAL
PROD-017-R005,PROD-017,ACTIVE,C2,• No convertir ausencia de campo en ausencia de enfermedad.,ENG-017-R001 | • ExamFinding is structured concept where useful plus narrative region.,0,ENG-017-R002 | • Focused exam suggestions come from Clinical Knowledge Package and chief-complaint context.,0,ENG-017-R003 | • Absence of a documented exam ≠ normal.,0,MANUAL_ATOMIC_REVIEW,PENDING_EXPLICIT_APPROVAL
PROD-017-R006,PROD-017,ACTIVE,C2,"• Coverage Score puede existir para análisis interno, pero UI prioriza significado, no porcentaje.",ENG-017-R001 | • ExamFinding is structured concept where useful plus narrative region.,0,ENG-017-R002 | • Focused exam suggestions come from Clinical Knowledge Package and chief-complaint context.,0,ENG-017-R003 | • Absence of a documented exam ≠ normal.,0,MANUAL_ATOMIC_REVIEW,PENDING_EXPLICIT_APPROVAL
PROD-018-R001,PROD-018,ACTIVE,C2,• Mostrar actual + trend + baseline individual.,"ENG-162-R003 | Personal historical baseline, population/reference interval and episode baseline are distinct concepts and labeled separately.",0.1489,"ENG-162-R004 | Trend comparability requires compatible analyte, unit, method/context and effective time.",0.1196,ENG-018-R001 | • Diagnosis/problem certainty separate from lifecycle state.,0,MANUAL_ATOMIC_REVIEW,PENDING_EXPLICIT_APPROVAL
PROD-018-R002,PROD-018,ACTIVE,C2,"• Rangos y warnings dependen de edad/contexto, no un único “normal”.",ENG-018-R001 | • Diagnosis/problem certainty separate from lifecycle state.,0,ENG-018-R002 | • Assessment can contain unresolved hypotheses without polluting chronic problem list.,0,ENG-018-R003 | • Promotion to problem is explicit clinician action.,0,MANUAL_ATOMIC_REVIEW,PENDING_EXPLICIT_APPROVAL
PROD-018-R003,PROD-018,ACTIVE,C5,"• Valores extremos requieren confirmación/repeat logic según pack, no diagnosis automática.",ENG-018-R001 | • Diagnosis/problem certainty separate from lifecycle state.,0.0752,ENG-018-R004 | • Reasoning Engine may organize evidence but does not assign authoritative diagnosis.,0.0658,ENG-018-R002 | • Assessment can contain unresolved hypotheses without polluting chronic problem list.,0,MANUAL_ATOMIC_REVIEW,PENDING_EXPLICIT_APPROVAL
PROD-019-R001,PROD-019,ACTIVE,C2,"Exploración física combina estructura, narrativa y sugerencias contextuales. Debe permitir documentar rápido sin obligar a marcar “normal” en docenas de sistemas.",ENG-017-R003 | • Absence of a documented exam ≠ normal.,0.0752,ENG-017-R001 | • ExamFinding is structured concept where useful plus narrative region.,0,ENG-017-R002 | • Focused exam suggestions come from Clinical Knowledge Package and chief-complaint context.,0,MANUAL_ATOMIC_REVIEW,PENDING_EXPLICIT_APPROVAL
PROD-019-R002,PROD-019,ACTIVE,C2,• General exam + focused exam por complaint.,ENG-017-R002 | • Focused exam suggestions come from Clinical Knowledge Package and chief-complaint context.,0.5078,ENG-017-R003 | • Absence of a documented exam ≠ normal.,0.3114,"ENG-017-R004 | • Exam templates are specialty/content versions, not static frontend forms.",0.2173,CANDIDATE_STRONG,PENDING_EXPLICIT_APPROVAL
PROD-019-R003,PROD-019,ACTIVE,C2,• Findings positivos y negativos significativos.,ENG-017-R001 | • ExamFinding is structured concept where useful plus narrative region.,0,ENG-017-R002 | • Focused exam suggestions come from Clinical Knowledge Package and chief-complaint context.,0,ENG-017-R003 | • Absence of a documented exam ≠ normal.,0,MANUAL_ATOMIC_REVIEW,PENDING_EXPLICIT_APPROVAL
PROD-019-R004,PROD-019,ACTIVE,C2,• Anatomical diagrams/drawing cuando agreguen valor.,ENG-100-R001 | El transaction boundary abarca clinical write + outbox + audit cuando la consistencia del flujo lo requiere. External side effects ocurren después del commit por consumer/workflow.,0.0908,ENG-017-R001 | • ExamFinding is structured concept where useful plus narrative region.,0,ENG-017-R002 | • Focused exam suggestions come from Clinical Knowledge Package and chief-complaint context.,0,MANUAL_ATOMIC_REVIEW,PENDING_EXPLICIT_APPROVAL
PROD-019-R005,PROD-019,ACTIVE,C2,• Template specialty-specific con free-text escape hatch.,"ENG-017-R004 | • Exam templates are specialty/content versions, not static frontend forms.",0.0861,ENG-017-R001 | • ExamFinding is structured concept where useful plus narrative region.,0,ENG-017-R002 | • Focused exam suggestions come from Clinical Knowledge Package and chief-complaint context.,0,MANUAL_ATOMIC_REVIEW,PENDING_EXPLICIT_APPROVAL
PROD-019-R006,PROD-019,ACTIVE,C2,• No autocompletar normalidad no examinada.,ENG-017-R001 | • ExamFinding is structured concept where useful plus narrative region.,0,ENG-017-R002 | • Focused exam suggestions come from Clinical Knowledge Package and chief-complaint context.,0,ENG-017-R003 | • Absence of a documented exam ≠ normal.,0,MANUAL_ATOMIC_REVIEW,PENDING_EXPLICIT_APPROVAL
PROD-019-R007,PROD-019,ACTIVE,C2,• Comparar findings previos sólo cuando clínicamente comparable.,ENG-100-R001 | El transaction boundary abarca clinical write + outbox + audit cuando la consistencia del flujo lo requiere. External side effects ocurren después del commit por consumer/workflow.,0.0948,ENG-017-R001 | • ExamFinding is structured concept where useful plus narrative region.,0,ENG-017-R002 | • Focused exam suggestions come from Clinical Knowledge Package and chief-complaint context.,0,MANUAL_ATOMIC_REVIEW,PENDING_EXPLICIT_APPROVAL
PROD-021-R001,PROD-021,ACTIVE,C2,"Antes de cerrar, el sistema hace una revisión breve y contextual, no un formulario adicional.",ENG-290-R001 | Pre-visit: identify meaningful delta and pending obligations.,0,"ENG-290-R002 | Encounter: capture intent/goals, reason through hypothesis/evidence/uncertainty and approve plan.",0,ENG-290-R003 | Plan compile: create prescription/order/monitoring/follow-up without re-entry.,0,MANUAL_ATOMIC_REVIEW,PENDING_EXPLICIT_APPROVAL
PROD-021-R002,PROD-021,ACTIVE,C2,• ¿Existe un red flag crítico sin resolver/documentar?,ENG-290-R001 | Pre-visit: identify meaningful delta and pending obligations.,0,"ENG-290-R002 | Encounter: capture intent/goals, reason through hypothesis/evidence/uncertainty and approve plan.",0,ENG-290-R003 | Plan compile: create prescription/order/monitoring/follow-up without re-entry.,0,MANUAL_ATOMIC_REVIEW,PENDING_EXPLICIT_APPROVAL
PROD-021-R003,PROD-021,ACTIVE,C5,• ¿Hay una orden/resultado crítico sin plan?,"ENG-163-R001 | Obligations may originate from plan, order, result, medication monitoring, referral, preventive care or knowledge artifact.",0.1577,ENG-290-R004 | Result loop: receive/correct/review/action/communicate/reassess.,0.1328,"ENG-216-R001 | Compile an approved clinical plan into typed downstream work: prescription candidates, orders, monitoring requirements, expected results, obligations, referrals, follow-up, patient instructions and communications.",0.1134,MANUAL_ATOMIC_REVIEW,PENDING_EXPLICIT_APPROVAL
PROD-021-R004,PROD-021,ACTIVE,C2,• ¿Receta tiene bloqueadores de seguridad?,ENG-290-R001 | Pre-visit: identify meaningful delta and pending obligations.,0,"ENG-290-R002 | Encounter: capture intent/goals, reason through hypothesis/evidence/uncertainty and approve plan.",0,ENG-290-R003 | Plan compile: create prescription/order/monitoring/follow-up without re-entry.,0,MANUAL_ATOMIC_REVIEW,PENDING_EXPLICIT_APPROVAL
PROD-021-R005,PROD-021,ACTIVE,C5,• ¿Follow-up que el plan menciona fue convertido en obligación?,ENG-290-R003 | Plan compile: create prescription/order/monitoring/follow-up without re-entry.,0.5939,ENG-290-R007 | Patient loop: action plan → barrier/comprehension → routed follow-up.,0.5582,"ENG-216-R001 | Compile an approved clinical plan into typed downstream work: prescription candidates, orders, monitoring requirements, expected results, obligations, referrals, follow-up, patient instructions and communications.",0.4604,CANDIDATE_STRONG,PENDING_EXPLICIT_APPROVAL
PROD-021-R006,PROD-021,ACTIVE,C2,• ¿Datos clave están todavía como “unknown/not asked” y cambiarían seguridad?,ENG-290-R001 | Pre-visit: identify meaningful delta and pending obligations.,0,"ENG-290-R002 | Encounter: capture intent/goals, reason through hypothesis/evidence/uncertainty and approve plan.",0,ENG-290-R003 | Plan compile: create prescription/order/monitoring/follow-up without re-entry.,0,MANUAL_ATOMIC_REVIEW,PENDING_EXPLICIT_APPROVAL
PROD-021-R007,PROD-021,ACTIVE,C2,"• ¿Existen contradicciones importantes entre assessment, plan y datos?","ENG-290-R002 | Encounter: capture intent/goals, reason through hypothesis/evidence/uncertainty and approve plan.",0.0611,"ENG-163-R001 | Obligations may originate from plan, order, result, medication monitoring, referral, preventive care or knowledge artifact.",0.0562,ENG-290-R003 | Plan compile: create prescription/order/monitoring/follow-up without re-entry.,0.0521,MANUAL_ATOMIC_REVIEW,PENDING_EXPLICIT_APPROVAL
PROD-022-R001,PROD-022,ACTIVE,C2,Producir documentación clínico-legal útil sin convertir la nota en la única representación del paciente.,"ENG-000-R001 | V2 es la especificación de producto y clínica. V2.1 no reabre objetivos por comodidad técnica: los transforma en ingeniería. Cuando una contradicción técnica obliga a modificar una intención V2, se genera Change Proposal",0.0935,ENG-022-R002 | • Country Pack locks mandatory fields and legal blocks.,0.0582,ENG-022-R001 | • Visual canvas is a template editor; legal prescription data is generated server-side from signed clinical objects.,0.0459,MANUAL_ATOMIC_REVIEW,PENDING_EXPLICIT_APPROVAL
PROD-022-R002,PROD-022,ACTIVE,C2,• Historia clínica inicial.,"ENG-000-R001 | V2 es la especificación de producto y clínica. V2.1 no reabre objetivos por comodidad técnica: los transforma en ingeniería. Cuando una contradicción técnica obliga a modificar una intención V2, se genera Change Proposal",0.0958,ENG-022-R001 | • Visual canvas is a template editor; legal prescription data is generated server-side from signed clinical objects.,0,ENG-022-R002 | • Country Pack locks mandatory fields and legal blocks.,0,MANUAL_ATOMIC_REVIEW,PENDING_EXPLICIT_APPROVAL
PROD-022-R003,PROD-022,ACTIVE,C2,• Evolución.,ENG-022-R001 | • Visual canvas is a template editor; legal prescription data is generated server-side from signed clinical objects.,0,ENG-022-R002 | • Country Pack locks mandatory fields and legal blocks.,0,ENG-022-R003 | • Templates versioned; each emitted Rx stores template version/render hash.,0,MANUAL_ATOMIC_REVIEW,PENDING_EXPLICIT_APPROVAL
PROD-022-R004,PROD-022,ACTIVE,C2,• Seguimiento.,ENG-022-R001 | • Visual canvas is a template editor; legal prescription data is generated server-side from signed clinical objects.,0,ENG-022-R002 | • Country Pack locks mandatory fields and legal blocks.,0,ENG-022-R003 | • Templates versioned; each emitted Rx stores template version/render hash.,0,MANUAL_ATOMIC_REVIEW,PENDING_EXPLICIT_APPROVAL
PROD-022-R005,PROD-022,ACTIVE,C2,• Procedimiento.,ENG-022-R001 | • Visual canvas is a template editor; legal prescription data is generated server-side from signed clinical objects.,0,ENG-022-R002 | • Country Pack locks mandatory fields and legal blocks.,0,ENG-022-R003 | • Templates versioned; each emitted Rx stores template version/render hash.,0,MANUAL_ATOMIC_REVIEW,PENDING_EXPLICIT_APPROVAL
PROD-022-R006,PROD-022,ACTIVE,C2,• Interconsulta.,ENG-022-R001 | • Visual canvas is a template editor; legal prescription data is generated server-side from signed clinical objects.,0,ENG-022-R002 | • Country Pack locks mandatory fields and legal blocks.,0,ENG-022-R003 | • Templates versioned; each emitted Rx stores template version/render hash.,0,MANUAL_ATOMIC_REVIEW,PENDING_EXPLICIT_APPROVAL
PROD-022-R007,PROD-022,ACTIVE,C2,• Referencia/contrarreferencia.,ENG-022-R001 | • Visual canvas is a template editor; legal prescription data is generated server-side from signed clinical objects.,0,ENG-022-R002 | • Country Pack locks mandatory fields and legal blocks.,0,ENG-022-R003 | • Templates versioned; each emitted Rx stores template version/render hash.,0,MANUAL_ATOMIC_REVIEW,PENDING_EXPLICIT_APPROVAL
PROD-022-R008,PROD-022,ACTIVE,C2,• Urgencias cuando aplique.,"ENG-000-R001 | V2 es la especificación de producto y clínica. V2.1 no reabre objetivos por comodidad técnica: los transforma en ingeniería. Cuando una contradicción técnica obliga a modificar una intención V2, se genera Change Proposal",0.0875,ENG-022-R001 | • Visual canvas is a template editor; legal prescription data is generated server-side from signed clinical objects.,0,ENG-022-R002 | • Country Pack locks mandatory fields and legal blocks.,0,MANUAL_ATOMIC_REVIEW,PENDING_EXPLICIT_APPROVAL
PROD-022-R009,PROD-022,ACTIVE,C2,• Preoperatoria/posoperatoria.,ENG-022-R001 | • Visual canvas is a template editor; legal prescription data is generated server-side from signed clinical objects.,0,ENG-022-R002 | • Country Pack locks mandatory fields and legal blocks.,0,ENG-022-R003 | • Templates versioned; each emitted Rx stores template version/render hash.,0,MANUAL_ATOMIC_REVIEW,PENDING_EXPLICIT_APPROVAL
PROD-022-R010,PROD-022,ACTIVE,C2,• Alta.,ENG-022-R001 | • Visual canvas is a template editor; legal prescription data is generated server-side from signed clinical objects.,0,ENG-022-R002 | • Country Pack locks mandatory fields and legal blocks.,0,ENG-022-R003 | • Templates versioned; each emitted Rx stores template version/render hash.,0,MANUAL_ATOMIC_REVIEW,PENDING_EXPLICIT_APPROVAL
PROD-022-R011,PROD-022,ACTIVE,C2,• Addendum/amendment.,ENG-022-R001 | • Visual canvas is a template editor; legal prescription data is generated server-side from signed clinical objects.,0,ENG-022-R002 | • Country Pack locks mandatory fields and legal blocks.,0,ENG-022-R003 | • Templates versioned; each emitted Rx stores template version/render hash.,0,MANUAL_ATOMIC_REVIEW,PENDING_EXPLICIT_APPROVAL
PROD-022-R012,PROD-022,ACTIVE,C2,• Nota se genera de datos estructurados + narrativa + contenido médico aceptado.,"ENG-000-R001 | V2 es la especificación de producto y clínica. V2.1 no reabre objetivos por comodidad técnica: los transforma en ingeniería. Cuando una contradicción técnica obliga a modificar una intención V2, se genera Change Proposal",0.1061,ENG-022-R001 | • Visual canvas is a template editor; legal prescription data is generated server-side from signed clinical objects.,0,ENG-022-R002 | • Country Pack locks mandatory fields and legal blocks.,0,MANUAL_ATOMIC_REVIEW,PENDING_EXPLICIT_APPROVAL
PROD-022-R013,PROD-022,ACTIVE,C2,• Médico puede editar narrativa antes de firmar.,ENG-022-R001 | • Visual canvas is a template editor; legal prescription data is generated server-side from signed clinical objects.,0,ENG-022-R002 | • Country Pack locks mandatory fields and legal blocks.,0,ENG-022-R003 | • Templates versioned; each emitted Rx stores template version/render hash.,0,MANUAL_ATOMIC_REVIEW,PENDING_EXPLICIT_APPROVAL
PROD-022-R014,PROD-022,ACTIVE,C3,• Firma congela snapshot y provenance.,ENG-022-R005 | • Print/PDF/email/secure patient link share the same signed source object.,0.0276,ENG-022-R001 | • Visual canvas is a template editor; legal prescription data is generated server-side from signed clinical objects.,0,ENG-022-R002 | • Country Pack locks mandatory fields and legal blocks.,0,MANUAL_ATOMIC_REVIEW,PENDING_EXPLICIT_APPROVAL
PROD-022-R015,PROD-022,ACTIVE,C2,"• Correcciones posteriores se agregan, no sobrescriben.",ENG-022-R001 | • Visual canvas is a template editor; legal prescription data is generated server-side from signed clinical objects.,0,ENG-022-R002 | • Country Pack locks mandatory fields and legal blocks.,0,ENG-022-R003 | • Templates versioned; each emitted Rx stores template version/render hash.,0,MANUAL_ATOMIC_REVIEW,PENDING_EXPLICIT_APPROVAL
PROD-022-R016,PROD-022,ACTIVE,C2,• AI-generated text debe identificarse internamente como asistencia y quedar sujeto a revisión.,ENG-022-R001 | • Visual canvas is a template editor; legal prescription data is generated server-side from signed clinical objects.,0.0472,ENG-022-R002 | • Country Pack locks mandatory fields and legal blocks.,0,ENG-022-R003 | • Templates versioned; each emitted Rx stores template version/render hash.,0,MANUAL_ATOMIC_REVIEW,PENDING_EXPLICIT_APPROVAL
PROD-022-R017,PROD-022,ACTIVE,C2,• No backdating silencioso.,ENG-022-R001 | • Visual canvas is a template editor; legal prescription data is generated server-side from signed clinical objects.,0,ENG-022-R002 | • Country Pack locks mandatory fields and legal blocks.,0,ENG-022-R003 | • Templates versioned; each emitted Rx stores template version/render hash.,0,MANUAL_ATOMIC_REVIEW,PENDING_EXPLICIT_APPROVAL
PROD-022-R018,PROD-022,ACTIVE,C2,• No eliminar historial de firma/amendments.,ENG-022-R001 | • Visual canvas is a template editor; legal prescription data is generated server-side from signed clinical objects.,0,ENG-022-R002 | • Country Pack locks mandatory fields and legal blocks.,0,ENG-022-R003 | • Templates versioned; each emitted Rx stores template version/render hash.,0,MANUAL_ATOMIC_REVIEW,PENDING_EXPLICIT_APPROVAL
PROD-022-R019,PROD-022,ACTIVE,C2,• Una nota firmada puede reconstruirse exactamente.,"ENG-000-R001 | V2 es la especificación de producto y clínica. V2.1 no reabre objetivos por comodidad técnica: los transforma en ingeniería. Cuando una contradicción técnica obliga a modificar una intención V2, se genera Change Proposal",0.1132,ENG-022-R001 | • Visual canvas is a template editor; legal prescription data is generated server-side from signed clinical objects.,0,ENG-022-R002 | • Country Pack locks mandatory fields and legal blocks.,0,MANUAL_ATOMIC_REVIEW,PENDING_EXPLICIT_APPROVAL
PROD-022-R020,PROD-022,ACTIVE,C2,• Structured data y note snapshot no se contradicen sin una reconciliación explícita.,"ENG-000-R001 | V2 es la especificación de producto y clínica. V2.1 no reabre objetivos por comodidad técnica: los transforma en ingeniería. Cuando una contradicción técnica obliga a modificar una intención V2, se genera Change Proposal",0.1044,ENG-022-R001 | • Visual canvas is a template editor; legal prescription data is generated server-side from signed clinical objects.,0,ENG-022-R002 | • Country Pack locks mandatory fields and legal blocks.,0,MANUAL_ATOMIC_REVIEW,PENDING_EXPLICIT_APPROVAL
PROD-023-R001,PROD-023,ACTIVE,C2,"Gestionar medicamentos como terapias longitudinales vinculadas a indicación, respuesta y monitorización, no como líneas de receta aisladas.","ENG-220-R001 | Connect medication to indication, problem, goal, intent, dose, route, formulation, start/stop, response, adverse effects, allergies, contraindications, renal/hepatic context, monitoring, adherence and reason for change.",0,"ENG-220-R002 | Detect medication-without-known-indication, indication-without-expected-monitoring, monitoring overdue and clinically meaningful lifecycle inconsistencies as review candidates.",0,ENG-220-R003 | Do not equate absence of linked indication with inappropriate prescribing; imported/legacy data may be incomplete.,0,MANUAL_ATOMIC_REVIEW,PENDING_EXPLICIT_APPROVAL
PROD-023-R002,PROD-023,ACTIVE,C5,• Medication list reconciliada.,ENG-070-R012 | 12. Medication prescription with safety evaluator.,0.4815,"ENG-220-R002 | Detect medication-without-known-indication, indication-without-expected-monitoring, monitoring overdue and clinically meaningful lifecycle inconsistencies as review candidates.",0.2831,"ENG-220-R001 | Connect medication to indication, problem, goal, intent, dose, route, formulation, start/stop, response, adverse effects, allergies, contraindications, renal/hepatic context, monitoring, adherence and reason for change.",0.2291,CANDIDATE_STRONG,PENDING_EXPLICIT_APPROVAL
PROD-023-R003,PROD-023,ACTIVE,C5,• Medication request/prescription.,ENG-070-R012 | 12. Medication prescription with safety evaluator.,0.6706,"ENG-220-R002 | Detect medication-without-known-indication, indication-without-expected-monitoring, monitoring overdue and clinically meaningful lifecycle inconsistencies as review candidates.",0.3748,"ENG-220-R001 | Connect medication to indication, problem, goal, intent, dose, route, formulation, start/stop, response, adverse effects, allergies, contraindications, renal/hepatic context, monitoring, adherence and reason for change.",0.3032,CANDIDATE_STRONG,PENDING_EXPLICIT_APPROVAL
PROD-023-R004,PROD-023,ACTIVE,C2,• Indicación vinculada a problem.,ENG-070-R010 | 10. Assessment with hypothesis/problem.,0.2214,"ENG-220-R001 | Connect medication to indication, problem, goal, intent, dose, route, formulation, start/stop, response, adverse effects, allergies, contraindications, renal/hepatic context, monitoring, adherence and reason for change.",0.0707,"ENG-220-R002 | Detect medication-without-known-indication, indication-without-expected-monitoring, monitoring overdue and clinically meaningful lifecycle inconsistencies as review candidates.",0,CANDIDATE_MODERATE,PENDING_EXPLICIT_APPROVAL
PROD-023-R005,PROD-023,ACTIVE,C2,"• Presentación, dosis, vía, frecuencia, duración, quantity, instructions.","ENG-220-R001 | Connect medication to indication, problem, goal, intent, dose, route, formulation, start/stop, response, adverse effects, allergies, contraindications, renal/hepatic context, monitoring, adherence and reason for change.",0,"ENG-220-R002 | Detect medication-without-known-indication, indication-without-expected-monitoring, monitoring overdue and clinically meaningful lifecycle inconsistencies as review candidates.",0,ENG-220-R003 | Do not equate absence of linked indication with inappropriate prescribing; imported/legacy data may be incomplete.,0,MANUAL_ATOMIC_REVIEW,PENDING_EXPLICIT_APPROVAL
PROD-023-R006,PROD-023,ACTIVE,C2,• Start/stop/change lifecycle.,ENG-070-R004 | 4. Start encounter.,0.5388,"ENG-220-R001 | Connect medication to indication, problem, goal, intent, dose, route, formulation, start/stop, response, adverse effects, allergies, contraindications, renal/hepatic context, monitoring, adherence and reason for change.",0.3039,ENG-070-R003 | 3. Open Patient Workspace from CurrentClinicalState.,0.0672,CANDIDATE_STRONG,PENDING_EXPLICIT_APPROVAL
PROD-023-R007,PROD-023,ACTIVE,C2,• Adherence/response/adverse effects.,"ENG-220-R001 | Connect medication to indication, problem, goal, intent, dose, route, formulation, start/stop, response, adverse effects, allergies, contraindications, renal/hepatic context, monitoring, adherence and reason for change.",0.4368,"ENG-220-R002 | Detect medication-without-known-indication, indication-without-expected-monitoring, monitoring overdue and clinically meaningful lifecycle inconsistencies as review candidates.",0,ENG-220-R003 | Do not equate absence of linked indication with inappropriate prescribing; imported/legacy data may be incomplete.,0,CANDIDATE_STRONG,PENDING_EXPLICIT_APPROVAL
PROD-023-R008,PROD-023,ACTIVE,C2,• Monitoring obligations.,ENG-023-R001 | • Orders create obligations when future review/action is expected.,0.2464,"ENG-220-R002 | Detect medication-without-known-indication, indication-without-expected-monitoring, monitoring overdue and clinically meaningful lifecycle inconsistencies as review candidates.",0.2411,"ENG-220-R001 | Connect medication to indication, problem, goal, intent, dose, route, formulation, start/stop, response, adverse effects, allergies, contraindications, renal/hepatic context, monitoring, adherence and reason for change.",0.1152,CANDIDATE_MODERATE,PENDING_EXPLICIT_APPROVAL
PROD-023-R009,PROD-023,ACTIVE,C2,• Refill/renewal workflow.,"ENG-220-R001 | Connect medication to indication, problem, goal, intent, dose, route, formulation, start/stop, response, adverse effects, allergies, contraindications, renal/hepatic context, monitoring, adherence and reason for change.",0,"ENG-220-R002 | Detect medication-without-known-indication, indication-without-expected-monitoring, monitoring overdue and clinically meaningful lifecycle inconsistencies as review candidates.",0,ENG-220-R003 | Do not equate absence of linked indication with inappropriate prescribing; imported/legacy data may be incomplete.,0,MANUAL_ATOMIC_REVIEW,PENDING_EXPLICIT_APPROVAL
PROD-023-R010,PROD-023,ACTIVE,C5,• Cada cambio conserva reason y prescriber.,ENG-023-R003 | • Cancellation/not-performed requires reason; no disappearing order.,0.1083,"ENG-220-R001 | Connect medication to indication, problem, goal, intent, dose, route, formulation, start/stop, response, adverse effects, allergies, contraindications, renal/hepatic context, monitoring, adherence and reason for change.",0.0547,"ENG-220-R002 | Detect medication-without-known-indication, indication-without-expected-monitoring, monitoring overdue and clinically meaningful lifecycle inconsistencies as review candidates.",0,MANUAL_ATOMIC_REVIEW,PENDING_EXPLICIT_APPROVAL
PROD-023-R011,PROD-023,ACTIVE,C5,• Medication reconciliation ocurre en transiciones relevantes.,ENG-070-R012 | 12. Medication prescription with safety evaluator.,0.3595,ENG-070-R011 | 11. Plan with service request + follow-up obligation.,0.2145,"ENG-220-R002 | Detect medication-without-known-indication, indication-without-expected-monitoring, monitoring overdue and clinically meaningful lifecycle inconsistencies as review candidates.",0.2114,CANDIDATE_MODERATE,PENDING_EXPLICIT_APPROVAL
PROD-023-R012,PROD-023,ACTIVE,C2,• Dosis calculada y prescrita se muestran separadas.,"ENG-220-R001 | Connect medication to indication, problem, goal, intent, dose, route, formulation, start/stop, response, adverse effects, allergies, contraindications, renal/hepatic context, monitoring, adherence and reason for change.",0,"ENG-220-R002 | Detect medication-without-known-indication, indication-without-expected-monitoring, monitoring overdue and clinically meaningful lifecycle inconsistencies as review candidates.",0,ENG-220-R003 | Do not equate absence of linked indication with inappropriate prescribing; imported/legacy data may be incomplete.,0,MANUAL_ATOMIC_REVIEW,PENDING_EXPLICIT_APPROVAL
PROD-023-R013,PROD-023,ACTIVE,C2,• Refill puede pedir review si existe monitoring vencido.,"ENG-220-R002 | Detect medication-without-known-indication, indication-without-expected-monitoring, monitoring overdue and clinically meaningful lifecycle inconsistencies as review candidates.",0.0996,ENG-023-R001 | • Orders create obligations when future review/action is expected.,0.0486,"ENG-220-R001 | Connect medication to indication, problem, goal, intent, dose, route, formulation, start/stop, response, adverse effects, allergies, contraindications, renal/hepatic context, monitoring, adherence and reason for change.",0.0357,MANUAL_ATOMIC_REVIEW,PENDING_EXPLICIT_APPROVAL
PROD-023-R014,PROD-023,ACTIVE,C5,• Allergy/duplicate/interaction/dose/renal/hepatic/pregnancy hooks sólo con contenido gobernado.,"ENG-220-R001 | Connect medication to indication, problem, goal, intent, dose, route, formulation, start/stop, response, adverse effects, allergies, contraindications, renal/hepatic context, monitoring, adherence and reason for change.",0.1443,ENG-070-R002 | 2. Create/search patient with duplicate detection.,0.0913,"ENG-220-R002 | Detect medication-without-known-indication, indication-without-expected-monitoring, monitoring overdue and clinically meaningful lifecycle inconsistencies as review candidates.",0,MANUAL_ATOMIC_REVIEW,PENDING_EXPLICIT_APPROVAL
PROD-023-R015,PROD-023,ACTIVE,C2,• Overrides importantes requieren razón.,"ENG-220-R001 | Connect medication to indication, problem, goal, intent, dose, route, formulation, start/stop, response, adverse effects, allergies, contraindications, renal/hepatic context, monitoring, adherence and reason for change.",0,"ENG-220-R002 | Detect medication-without-known-indication, indication-without-expected-monitoring, monitoring overdue and clinically meaningful lifecycle inconsistencies as review candidates.",0,ENG-220-R003 | Do not equate absence of linked indication with inappropriate prescribing; imported/legacy data may be incomplete.,0,MANUAL_ATOMIC_REVIEW,PENDING_EXPLICIT_APPROVAL
PROD-023-R016,PROD-023,ACTIVE,C2,• No sugerir dosis sólo por texto generativo.,"ENG-220-R001 | Connect medication to indication, problem, goal, intent, dose, route, formulation, start/stop, response, adverse effects, allergies, contraindications, renal/hepatic context, monitoring, adherence and reason for change.",0,"ENG-220-R002 | Detect medication-without-known-indication, indication-without-expected-monitoring, monitoring overdue and clinically meaningful lifecycle inconsistencies as review candidates.",0,ENG-220-R003 | Do not equate absence of linked indication with inappropriate prescribing; imported/legacy data may be incomplete.,0,MANUAL_ATOMIC_REVIEW,PENDING_EXPLICIT_APPROVAL
PROD-023-R017,PROD-023,ACTIVE,C2,• El médico puede responder para qué toma cada medicamento y qué vigilancia requiere.,"ENG-220-R001 | Connect medication to indication, problem, goal, intent, dose, route, formulation, start/stop, response, adverse effects, allergies, contraindications, renal/hepatic context, monitoring, adherence and reason for change.",0,"ENG-220-R002 | Detect medication-without-known-indication, indication-without-expected-monitoring, monitoring overdue and clinically meaningful lifecycle inconsistencies as review candidates.",0,ENG-220-R003 | Do not equate absence of linked indication with inappropriate prescribing; imported/legacy data may be incomplete.,0,MANUAL_ATOMIC_REVIEW,PENDING_EXPLICIT_APPROVAL
PROD-023-R018,PROD-023,ACTIVE,C2,"• Receta, med list y problem list permanecen coherentes.",ENG-070-R010 | 10. Assessment with hypothesis/problem.,0.1435,"ENG-220-R001 | Connect medication to indication, problem, goal, intent, dose, route, formulation, start/stop, response, adverse effects, allergies, contraindications, renal/hepatic context, monitoring, adherence and reason for change.",0.0458,"ENG-220-R002 | Detect medication-without-known-indication, indication-without-expected-monitoring, monitoring overdue and clinically meaningful lifecycle inconsistencies as review candidates.",0,MANUAL_ATOMIC_REVIEW,PENDING_EXPLICIT_APPROVAL
PROD-024-R001,PROD-024,ACTIVE,C2,• Peso siempre acompañado de fecha/hora/contexto.,ENG-003-R001 | 1. Requirement ID nace o se referencia desde V2.,0,ENG-003-R002 | 2. Product/clinical acceptance criteria se congelan.,0,ENG-003-R003 | 3. Architecture owner asigna bounded context y ADR si aplica.,0,MANUAL_ATOMIC_REVIEW,PENDING_EXPLICIT_APPROVAL
PROD-024-R002,PROD-024,ACTIVE,C5,"• Fórmula, rango, maximum dose y output visibles antes de firmar.",ENG-003-R005 | 5. Data/API/event contracts se diseñan antes de UI final.,0.2148,ENG-003-R001 | 1. Requirement ID nace o se referencia desde V2.,0,ENG-003-R002 | 2. Product/clinical acceptance criteria se congelan.,0,MANUAL_ATOMIC_REVIEW,PENDING_EXPLICIT_APPROVAL
PROD-024-R003,PROD-024,ACTIVE,C2,• La dosis calculada no se convierte automáticamente en dosis prescrita.,ENG-003-R009 | 9. Evidence manifest se genera automáticamente.,0.356,ENG-003-R001 | 1. Requirement ID nace o se referencia desde V2.,0,ENG-003-R002 | 2. Product/clinical acceptance criteria se congelan.,0,CANDIDATE_MODERATE,PENDING_EXPLICIT_APPROVAL
PROD-024-R004,PROD-024,ACTIVE,C2,• Unidad/presentación se valida explícitamente para evitar mg↔mL.,ENG-003-R001 | 1. Requirement ID nace o se referencia desde V2.,0,ENG-003-R002 | 2. Product/clinical acceptance criteria se congelan.,0,ENG-003-R003 | 3. Architecture owner asigna bounded context y ADR si aplica.,0,MANUAL_ATOMIC_REVIEW,PENDING_EXPLICIT_APPROVAL
PROD-024-R005,PROD-024,ACTIVE,C4,• Cálculos versionados y cubiertos por clinical regression.,"ENG-065-R005 | 5. Collect security, clinical regression, interop and DR reports.",0.085,"ENG-003-R007 | 7. Automated gates: static, unit, integration, clinical regression, security, AI evals si aplica.",0.0735,ENG-003-R001 | 1. Requirement ID nace o se referencia desde V2.,0,MANUAL_ATOMIC_REVIEW,PENDING_EXPLICIT_APPROVAL
PROD-024-R006,PROD-024,ACTIVE,C2,"• Si faltan datos esenciales, el sistema se abstiene y explica qué falta.",ENG-003-R008 | 8. Preview clínico con datos sintéticos y UX review.,0.1366,ENG-003-R001 | 1. Requirement ID nace o se referencia desde V2.,0,ENG-003-R002 | 2. Product/clinical acceptance criteria se congelan.,0,MANUAL_ATOMIC_REVIEW,PENDING_EXPLICIT_APPROVAL
PROD-025-R001,PROD-025,ACTIVE,C2,"La receta final combina seguridad clínica con personalización visual tipo canvas restringido. El médico puede diseñar marca/layout, pero los elementos obligatorios del Country Pack no pueden eliminarse.",ENG-022-R001 | • Visual canvas is a template editor; legal prescription data is generated server-side from signed clinical objects.,0.1406,"ENG-000-R001 | V2 es la especificación de producto y clínica. V2.1 no reabre objetivos por comodidad técnica: los transforma en ingeniería. Cuando una contradicción técnica obliga a modificar una intención V2, se genera Change Proposal",0.1353,ENG-022-R002 | • Country Pack locks mandatory fields and legal blocks.,0.0896,MANUAL_ATOMIC_REVIEW,PENDING_EXPLICIT_APPROVAL
PROD-026-R001,PROD-026,ACTIVE,C2,Cerrar el ciclo diagnóstico desde la intención hasta la acción clínica.,ENG-070-R001 | 1. Create tenant/org/facility/practitioner.,0,ENG-070-R002 | 2. Create/search patient with duplicate detection.,0,ENG-070-R003 | 3. Open Patient Workspace from CurrentClinicalState.,0,MANUAL_ATOMIC_REVIEW,PENDING_EXPLICIT_APPROVAL
PROD-026-R002,PROD-026,ACTIVE,C2,"• Lab, imaging, pathology, procedures, referrals y other service requests.","ENG-070-R008 | 8. Upload lab PDF, preserve original, extract candidates, validate.",0.0912,ENG-070-R011 | 11. Plan with service request + follow-up obligation.,0.0782,ENG-070-R015 | 15. Receive result later.,0.062,MANUAL_ATOMIC_REVIEW,PENDING_EXPLICIT_APPROVAL
PROD-026-R003,PROD-026,ACTIVE,C2,• Reason/indication.,ENG-070-R001 | 1. Create tenant/org/facility/practitioner.,0,ENG-070-R002 | 2. Create/search patient with duplicate detection.,0,ENG-070-R003 | 3. Open Patient Workspace from CurrentClinicalState.,0,MANUAL_ATOMIC_REVIEW,PENDING_EXPLICIT_APPROVAL
PROD-026-R004,PROD-026,ACTIVE,C2,• Priority.,ENG-070-R001 | 1. Create tenant/org/facility/practitioner.,0,ENG-070-R002 | 2. Create/search patient with duplicate detection.,0,ENG-070-R003 | 3. Open Patient Workspace from CurrentClinicalState.,0,MANUAL_ATOMIC_REVIEW,PENDING_EXPLICIT_APPROVAL
PROD-026-R005,PROD-026,ACTIVE,C2,• Status lifecycle.,"ENG-163-R002 | Every obligation has owner, due state, source, escalation, completion evidence and lifecycle.",0.3492,ENG-070-R003 | 3. Open Patient Workspace from CurrentClinicalState.,0.3285,ENG-070-R001 | 1. Create tenant/org/facility/practitioner.,0,CANDIDATE_MODERATE,PENDING_EXPLICIT_APPROVAL
PROD-026-R006,PROD-026,ACTIVE,C5,• Result association.,ENG-070-R015 | 15. Receive result later.,0.5479,ENG-070-R016 | 16. Result Inbox acknowledge/action/inform/close.,0.3856,"ENG-163-R001 | Obligations may originate from plan, order, result, medication monitoring, referral, preventive care or knowledge artifact.",0.2954,CANDIDATE_STRONG,PENDING_EXPLICIT_APPROVAL
PROD-026-R007,PROD-026,ACTIVE,C2,• Review/acknowledgement.,"ENG-163-R003 | Independent reconciler detects results without review/owner, plans without obligations, monitoring without follow-up, failed communications, stuck workflows and stale projections.",0.0596,ENG-070-R001 | 1. Create tenant/org/facility/practitioner.,0,ENG-070-R002 | 2. Create/search patient with duplicate detection.,0,MANUAL_ATOMIC_REVIEW,PENDING_EXPLICIT_APPROVAL
PROD-026-R008,PROD-026,ACTIVE,C5,• Action/follow-up.,ENG-070-R011 | 11. Plan with service request + follow-up obligation.,0.8882,"ENG-163-R003 | Independent reconciler detects results without review/owner, plans without obligations, monitoring without follow-up, failed communications, stuck workflows and stale projections.",0.6287,ENG-163-R004 | Snooze never equals closure.,0.1561,CANDIDATE_STRONG,PENDING_EXPLICIT_APPROVAL
PROD-026-R009,PROD-026,ACTIVE,C2,• Order muestra por qué se pide y a qué problema/encounter se relaciona.,ENG-070-R004 | 4. Start encounter.,0.1208,ENG-070-R014 | 14. Sign encounter snapshot.,0.1032,"ENG-163-R001 | Obligations may originate from plan, order, result, medication monitoring, referral, preventive care or knowledge artifact.",0.0484,MANUAL_ATOMIC_REVIEW,PENDING_EXPLICIT_APPROVAL
PROD-026-R010,PROD-026,ACTIVE,C2,• Duplicate/recent study context se muestra antes de ordenar cuando sea confiable.,ENG-070-R002 | 2. Create/search patient with duplicate detection.,0.0844,ENG-070-R001 | 1. Create tenant/org/facility/practitioner.,0,ENG-070-R003 | 3. Open Patient Workspace from CurrentClinicalState.,0,MANUAL_ATOMIC_REVIEW,PENDING_EXPLICIT_APPROVAL
PROD-026-R011,PROD-026,ACTIVE,C5,• Resultado recibido no equivale a resultado revisado.,ENG-070-R015 | 15. Receive result later.,0.2969,ENG-070-R016 | 16. Result Inbox acknowledge/action/inform/close.,0.209,"ENG-163-R001 | Obligations may originate from plan, order, result, medication monitoring, referral, preventive care or knowledge artifact.",0.1601,CANDIDATE_MODERATE,PENDING_EXPLICIT_APPROVAL
PROD-026-R012,PROD-026,ACTIVE,C2,• No cancelar/ocultar orden sin razón.,ENG-070-R001 | 1. Create tenant/org/facility/practitioner.,0,ENG-070-R002 | 2. Create/search patient with duplicate detection.,0,ENG-070-R003 | 3. Open Patient Workspace from CurrentClinicalState.,0,MANUAL_ATOMIC_REVIEW,PENDING_EXPLICIT_APPROVAL
PROD-026-R013,PROD-026,ACTIVE,C5,• Critical results siguen flujo especial.,ENG-070-R015 | 15. Receive result later.,0.2594,ENG-070-R016 | 16. Result Inbox acknowledge/action/inform/close.,0.1826,"ENG-163-R003 | Independent reconciler detects results without review/owner, plans without obligations, monitoring without follow-up, failed communications, stuck workflows and stale projections.",0.1431,CANDIDATE_MODERATE,PENDING_EXPLICIT_APPROVAL
PROD-026-R014,PROD-026,ACTIVE,C2,• External integration failure no borra el state local.,"ENG-163-R002 | Every obligation has owner, due state, source, escalation, completion evidence and lifecycle.",0.2431,ENG-070-R003 | 3. Open Patient Workspace from CurrentClinicalState.,0.2187,ENG-070-R001 | 1. Create tenant/org/facility/practitioner.,0,CANDIDATE_MODERATE,PENDING_EXPLICIT_APPROVAL
PROD-026-R015,PROD-026,ACTIVE,C2,• Ninguna orden desaparece sin estado final explícito.,ENG-070-R001 | 1. Create tenant/org/facility/practitioner.,0,ENG-070-R002 | 2. Create/search patient with duplicate detection.,0,ENG-070-R003 | 3. Open Patient Workspace from CurrentClinicalState.,0,MANUAL_ATOMIC_REVIEW,PENDING_EXPLICIT_APPROVAL
PROD-026-R016,PROD-026,ACTIVE,C5,"• Cada resultado puede trazarse a orden, fuente y revisión.",ENG-070-R015 | 15. Receive result later.,0.1878,ENG-070-R016 | 16. Result Inbox acknowledge/action/inform/close.,0.1322,"ENG-163-R001 | Obligations may originate from plan, order, result, medication monitoring, referral, preventive care or knowledge artifact.",0.1013,MANUAL_ATOMIC_REVIEW,PENDING_EXPLICIT_APPROVAL
PROD-027-R001,PROD-027,ACTIVE,C2,• El PDF original nunca se sustituye por la extracción.,ENG-027-R002 | • Unit normalization never discards original.,0.1121,ENG-166-R003 | Correction preserves original extraction and reviewer lineage and invalidates downstream derived facts.,0.0817,"ENG-027-R001 | • Preserve analyte, original name/code, canonical mapping, value, unit, reference interval, method/lab, flags, specimen and status.",0.064,MANUAL_ATOMIC_REVIEW,PENDING_EXPLICIT_APPROVAL
PROD-027-R002,PROD-027,ACTIVE,C2,• Cada valor extraído conserva ancla a fuente.,"ENG-027-R001 | • Preserve analyte, original name/code, canonical mapping, value, unit, reference interval, method/lab, flags, specimen and status.",0,ENG-027-R002 | • Unit normalization never discards original.,0,ENG-027-R003 | • Delta/trend analysis distinguishes analytic change from clinical interpretation.,0,MANUAL_ATOMIC_REVIEW,PENDING_EXPLICIT_APPROVAL
PROD-027-R003,PROD-027,ACTIVE,C2,• Low-confidence extraction no se presenta como hecho confirmado.,ENG-166-R004 | OCR/AI extraction is not verified clinical truth.,0.1189,ENG-166-R001 | Upload → quarantine/malware → immutable original → render/OCR/layout → candidate extraction → semantic mapping → provenance/confidence → human verification → structured fact.,0.1029,ENG-166-R003 | Correction preserves original extraction and reviewer lineage and invalidates downstream derived facts.,0.0768,MANUAL_ATOMIC_REVIEW,PENDING_EXPLICIT_APPROVAL
PROD-027-R004,PROD-027,ACTIVE,C3,• El médico puede corregir y esa corrección queda provenance-linked.,ENG-166-R001 | Upload → quarantine/malware → immutable original → render/OCR/layout → candidate extraction → semantic mapping → provenance/confidence → human verification → structured fact.,0.1019,ENG-166-R003 | Correction preserves original extraction and reviewer lineage and invalidates downstream derived facts.,0.0327,"ENG-027-R001 | • Preserve analyte, original name/code, canonical mapping, value, unit, reference interval, method/lab, flags, specimen and status.",0,MANUAL_ATOMIC_REVIEW,PENDING_EXPLICIT_APPROVAL
PROD-028-R001,PROD-028,ACTIVE,C2,• Anormalidades directas.,ENG-028-R001 | • DICOM/DICOMweb adapter and PACS integration behind boundary.,0,"ENG-028-R002 | • ImagingStudyRef, Report, Finding, Measurement, FollowUpRecommendation.",0,ENG-028-R003 | • Longitudinal comparison only when measurement semantics compatible.,0,MANUAL_ATOMIC_REVIEW,PENDING_EXPLICIT_APPROVAL
PROD-028-R002,PROD-028,ACTIVE,C2,• Delta changes vs prior.,ENG-221-R002 | Display delta rather than re-alerting unchanged findings.,0.2459,"ENG-221-R001 | When renal/hepatic function, weight, pregnancy/context, allergy, interaction-relevant medication or other validated dependency changes, recompute only affected medication safety/applicability checks.",0.0639,ENG-028-R001 | • DICOM/DICOMweb adapter and PACS integration behind boundary.,0,CANDIDATE_MODERATE,PENDING_EXPLICIT_APPROVAL
PROD-028-R003,PROD-028,ACTIVE,C2,• Trend/trajectory.,ENG-028-R001 | • DICOM/DICOMweb adapter and PACS integration behind boundary.,0,"ENG-028-R002 | • ImagingStudyRef, Report, Finding, Measurement, FollowUpRecommendation.",0,ENG-028-R003 | • Longitudinal comparison only when measurement semantics compatible.,0,MANUAL_ATOMIC_REVIEW,PENDING_EXPLICIT_APPROVAL
PROD-028-R004,PROD-028,ACTIVE,C2,• Correlaciones entre analitos y problemas conocidos.,ENG-028-R001 | • DICOM/DICOMweb adapter and PACS integration behind boundary.,0,"ENG-028-R002 | • ImagingStudyRef, Report, Finding, Measurement, FollowUpRecommendation.",0,ENG-028-R003 | • Longitudinal comparison only when measurement semantics compatible.,0,MANUAL_ATOMIC_REVIEW,PENDING_EXPLICIT_APPROVAL
PROD-028-R005,PROD-028,ACTIVE,C2,• Possible patterns claramente etiquetados como consideraciones.,ENG-028-R001 | • DICOM/DICOMweb adapter and PACS integration behind boundary.,0,"ENG-028-R002 | • ImagingStudyRef, Report, Finding, Measurement, FollowUpRecommendation.",0,ENG-028-R003 | • Longitudinal comparison only when measurement semantics compatible.,0,MANUAL_ATOMIC_REVIEW,PENDING_EXPLICIT_APPROVAL
PROD-028-R006,PROD-028,ACTIVE,C5,• Medication context.,"ENG-221-R001 | When renal/hepatic function, weight, pregnancy/context, allergy, interaction-relevant medication or other validated dependency changes, recompute only affected medication safety/applicability checks.",0.5616,ENG-221-R003 | All high-impact medication checks declare algorithm/knowledge versions and missing-data behavior.,0.4674,ENG-028-R001 | • DICOM/DICOMweb adapter and PACS integration behind boundary.,0,CANDIDATE_STRONG,PENDING_EXPLICIT_APPROVAL
PROD-028-R007,PROD-028,ACTIVE,C5,• Critical values por deterministic rules/local lab policy.,ENG-028-R001 | • DICOM/DICOMweb adapter and PACS integration behind boundary.,0,"ENG-028-R002 | • ImagingStudyRef, Report, Finding, Measurement, FollowUpRecommendation.",0,ENG-028-R003 | • Longitudinal comparison only when measurement semantics compatible.,0,MANUAL_ATOMIC_REVIEW,PENDING_EXPLICIT_APPROVAL
PROD-028-R008,PROD-028,ACTIVE,C2,• Missing/contextual data que limita interpretación.,ENG-221-R003 | All high-impact medication checks declare algorithm/knowledge versions and missing-data behavior.,0.2222,ENG-028-R001 | • DICOM/DICOMweb adapter and PACS integration behind boundary.,0,"ENG-028-R002 | • ImagingStudyRef, Report, Finding, Measurement, FollowUpRecommendation.",0,CANDIDATE_MODERATE,PENDING_EXPLICIT_APPROVAL
PROD-028-R009,PROD-028,ACTIVE,C5,• No declarar diagnosis sólo a partir de patrones de laboratorio.,ENG-028-R001 | • DICOM/DICOMweb adapter and PACS integration behind boundary.,0,"ENG-028-R002 | • ImagingStudyRef, Report, Finding, Measurement, FollowUpRecommendation.",0,ENG-028-R003 | • Longitudinal comparison only when measurement semantics compatible.,0,MANUAL_ATOMIC_REVIEW,PENDING_EXPLICIT_APPROVAL
PROD-029-R001,PROD-029,ACTIVE,C2,• DICOM/DICOMweb/PACS-ready conceptual model.,ENG-028-R001 | • DICOM/DICOMweb adapter and PACS integration behind boundary.,0.5528,ENG-073-R001 | • DICOM identifiers and external PACS references separated from human folios.,0.3442,ENG-073-R002 | • DICOMweb adapter test fixtures.,0.27,CANDIDATE_STRONG,PENDING_EXPLICIT_APPROVAL
PROD-029-R002,PROD-029,ACTIVE,C2,• Report original + structured findings + impression.,ENG-029-R003 | • Structured findings/margins/biomarkers only where source supports them.,0.254,ENG-073-R003 | • Report amendments preserved.,0.179,ENG-029-R002 | • Report status preliminary/final/amended preserved.,0.147,CANDIDATE_MODERATE,PENDING_EXPLICIT_APPROVAL
PROD-029-R003,PROD-029,ACTIVE,C2,• Measurements con unidad y anatomy.,ENG-029-R001 | • Specimen and procedure context first-class.,0,ENG-029-R002 | • Report status preliminary/final/amended preserved.,0,ENG-029-R003 | • Structured findings/margins/biomarkers only where source supports them.,0,MANUAL_ATOMIC_REVIEW,PENDING_EXPLICIT_APPROVAL
PROD-029-R004,PROD-029,ACTIVE,C2,• Comparison con estudio previo cuando es realmente comparable.,ENG-028-R003 | • Longitudinal comparison only when measurement semantics compatible.,0.1325,ENG-073-R004 | • Finding measurement units/axes and comparison semantics explicit.,0.112,ENG-029-R001 | • Specimen and procedure context first-class.,0,MANUAL_ATOMIC_REVIEW,PENDING_EXPLICIT_APPROVAL
PROD-029-R005,PROD-029,ACTIVE,C2,• Actionable findings pueden crear obligation tras validación.,ENG-028-R004 | • Actionable validated finding can create obligation.,0.2375,ENG-029-R004 | • Pathology actionable recommendation becomes obligation after appropriate validation.,0.194,ENG-029-R003 | • Structured findings/margins/biomarkers only where source supports them.,0.1077,CANDIDATE_MODERATE,PENDING_EXPLICIT_APPROVAL
PROD-029-R006,PROD-029,ACTIVE,C2,• Tracking para nódulos/lesiones/hallazgos que requieren control.,ENG-029-R001 | • Specimen and procedure context first-class.,0,ENG-029-R002 | • Report status preliminary/final/amended preserved.,0,ENG-029-R003 | • Structured findings/margins/biomarkers only where source supports them.,0,MANUAL_ATOMIC_REVIEW,PENDING_EXPLICIT_APPROVAL
PROD-029-R007,PROD-029,ACTIVE,C2,• Viewer/integration no debe bloquear acceso al report textual.,ENG-073-R003 | • Report amendments preserved.,0.1193,ENG-029-R002 | • Report status preliminary/final/amended preserved.,0.0979,ENG-028-R001 | • DICOM/DICOMweb adapter and PACS integration behind boundary.,0.0781,MANUAL_ATOMIC_REVIEW,PENDING_EXPLICIT_APPROVAL
PROD-029-R008,PROD-029,ACTIVE,C2,• AI imaging con intended use médico requiere regulatory track independiente.,ENG-028-R005 | • AI imaging intended-use features require regulatory classification and separate validation/QMS path if applicable.,0.2012,ENG-073-R006 | • Any diagnostic AI feature gets intended-use/regulatory review before code path activation.,0.1506,ENG-029-R001 | • Specimen and procedure context first-class.,0,MANUAL_ATOMIC_REVIEW,PENDING_EXPLICIT_APPROVAL
PROD-030-R001,PROD-030,ACTIVE,C2,"• Specimen, procedure, site, collection date, report status.",ENG-029-R001 | • Specimen and procedure context first-class.,0.4324,ENG-072-R002 | • Specimen/method/status/quality flags retained.,0.2407,ENG-029-R002 | • Report status preliminary/final/amended preserved.,0.1631,CANDIDATE_STRONG,PENDING_EXPLICIT_APPROVAL
PROD-030-R002,PROD-030,ACTIVE,C5,"• Diagnosis/findings, margins/biomarkers cuando la fuente lo provee.",ENG-029-R003 | • Structured findings/margins/biomarkers only where source supports them.,0.5031,ENG-029-R001 | • Specimen and procedure context first-class.,0,ENG-029-R002 | • Report status preliminary/final/amended preserved.,0,CANDIDATE_STRONG,PENDING_EXPLICIT_APPROVAL
PROD-030-R003,PROD-030,ACTIVE,C2,• Preliminary/final/amended status claramente visibles.,ENG-029-R002 | • Report status preliminary/final/amended preserved.,0.4961,ENG-072-R006 | • Integration fixtures include preliminary/final/amended and corrected result scenarios.,0.3315,ENG-072-R002 | • Specimen/method/status/quality flags retained.,0.039,CANDIDATE_STRONG,PENDING_EXPLICIT_APPROVAL
PROD-030-R004,PROD-030,ACTIVE,C5,• Resultado accionable genera closed-loop workflow.,ENG-072-R006 | • Integration fixtures include preliminary/final/amended and corrected result scenarios.,0.1595,ENG-072-R001 | • Structured result model reviewed for chemistry/hematology/microbiology/parasitology.,0.1483,ENG-029-R001 | • Specimen and procedure context first-class.,0,MANUAL_ATOMIC_REVIEW,PENDING_EXPLICIT_APPROVAL
PROD-030-R005,PROD-030,ACTIVE,C2,• No condensar un informe complejo a un resumen sin acceso inmediato al original.,ENG-072-R003 | • Canonical mappings do not erase original lab semantics.,0.0807,ENG-029-R001 | • Specimen and procedure context first-class.,0,ENG-029-R002 | • Report status preliminary/final/amended preserved.,0,MANUAL_ATOMIC_REVIEW,PENDING_EXPLICIT_APPROVAL
PROD-031-R001,PROD-031,ACTIVE,C5,Crear una cola clínica confiable donde revisar resultados sea un proceso verificable y priorizado.,ENG-070-R015 | 15. Receive result later.,0.1465,ENG-025-R003 | • Critical result policy separately governed and tested.,0.1322,ENG-070-R016 | 16. Result Inbox acknowledge/action/inform/close.,0.1031,MANUAL_ATOMIC_REVIEW,PENDING_EXPLICIT_APPROVAL
PROD-031-R002,PROD-031,ACTIVE,C4,"• Received time, source, patient, ordering clinician/team.",ENG-025-R002 | • Acknowledgement is clinician/team action with timestamp; not inferred from opening screen.,0.2599,ENG-070-R006 | 6. Record vitals with provenance/trend.,0.0473,ENG-070-R017 | 17. Timeline/audit/provenance reflect full chain.,0.0336,CANDIDATE_MODERATE,PENDING_EXPLICIT_APPROVAL
PROD-031-R003,PROD-031,ACTIVE,C5,• Priority/criticality.,"ENG-025-R001 | • Queues: critical/important/routine, unreviewed, awaiting action, patient communication, overdue.",0,ENG-025-R002 | • Acknowledgement is clinician/team action with timestamp; not inferred from opening screen.,0,ENG-025-R003 | • Critical result policy separately governed and tested.,0,MANUAL_ATOMIC_REVIEW,PENDING_EXPLICIT_APPROVAL
PROD-031-R004,PROD-031,ACTIVE,C2,• Acknowledgement.,ENG-025-R002 | • Acknowledgement is clinician/team action with timestamp; not inferred from opening screen.,0.3591,"ENG-025-R001 | • Queues: critical/important/routine, unreviewed, awaiting action, patient communication, overdue.",0,ENG-025-R003 | • Critical result policy separately governed and tested.,0,CANDIDATE_MODERATE,PENDING_EXPLICIT_APPROVAL
PROD-031-R005,PROD-031,ACTIVE,C2,• Interpretation.,"ENG-025-R001 | • Queues: critical/important/routine, unreviewed, awaiting action, patient communication, overdue.",0,ENG-025-R002 | • Acknowledgement is clinician/team action with timestamp; not inferred from opening screen.,0,ENG-025-R003 | • Critical result policy separately governed and tested.,0,MANUAL_ATOMIC_REVIEW,PENDING_EXPLICIT_APPROVAL
PROD-031-R006,PROD-031,ACTIVE,C2,• Action.,ENG-070-R016 | 16. Result Inbox acknowledge/action/inform/close.,0.2524,ENG-025-R002 | • Acknowledgement is clinician/team action with timestamp; not inferred from opening screen.,0.2447,"ENG-025-R001 | • Queues: critical/important/routine, unreviewed, awaiting action, patient communication, overdue.",0.2328,CANDIDATE_MODERATE,PENDING_EXPLICIT_APPROVAL
PROD-031-R007,PROD-031,ACTIVE,C4,• Patient communication when applicable.,"ENG-025-R001 | • Queues: critical/important/routine, unreviewed, awaiting action, patient communication, overdue.",0.2457,ENG-025-R002 | • Acknowledgement is clinician/team action with timestamp; not inferred from opening screen.,0,ENG-025-R003 | • Critical result policy separately governed and tested.,0,CANDIDATE_MODERATE,PENDING_EXPLICIT_APPROVAL
PROD-031-R008,PROD-031,ACTIVE,C2,• Closure.,ENG-070-R011 | 11. Plan with service request + follow-up obligation.,0.3628,ENG-134-R005 | Medication / Orders / Results / Follow-up: 12.,0.328,ENG-025-R005 | • Escalation and closure metrics feed safety dashboard.,0.3119,CANDIDATE_MODERATE,PENDING_EXPLICIT_APPROVAL
PROD-031-R009,PROD-031,ACTIVE,C2,"• Ordenar por urgencia y aging, no sólo fecha.","ENG-025-R001 | • Queues: critical/important/routine, unreviewed, awaiting action, patient communication, overdue.",0,ENG-025-R002 | • Acknowledgement is clinician/team action with timestamp; not inferred from opening screen.,0,ENG-025-R003 | • Critical result policy separately governed and tested.,0,MANUAL_ATOMIC_REVIEW,PENDING_EXPLICIT_APPROVAL
PROD-031-R010,PROD-031,ACTIVE,C2,• Permitir delegación con owner visible.,"ENG-025-R001 | • Queues: critical/important/routine, unreviewed, awaiting action, patient communication, overdue.",0,ENG-025-R002 | • Acknowledgement is clinician/team action with timestamp; not inferred from opening screen.,0,ENG-025-R003 | • Critical result policy separately governed and tested.,0,MANUAL_ATOMIC_REVIEW,PENDING_EXPLICIT_APPROVAL
PROD-031-R011,PROD-031,ACTIVE,C5,• Resultado crítico escala si no es reconocido dentro de policy.,ENG-025-R003 | • Critical result policy separately governed and tested.,0.237,ENG-070-R015 | 15. Receive result later.,0.2165,ENG-070-R016 | 16. Result Inbox acknowledge/action/inform/close.,0.1524,CANDIDATE_MODERATE,PENDING_EXPLICIT_APPROVAL
PROD-031-R012,PROD-031,ACTIVE,C2,• Batch actions sólo para casos seguros.,ENG-025-R004 | • Bulk actions forbidden where patient-context safety would be reduced.,0.0815,"ENG-025-R001 | • Queues: critical/important/routine, unreviewed, awaiting action, patient communication, overdue.",0,ENG-025-R002 | • Acknowledgement is clinician/team action with timestamp; not inferred from opening screen.,0,MANUAL_ATOMIC_REVIEW,PENDING_EXPLICIT_APPROVAL
PROD-031-R013,PROD-031,ACTIVE,C2,• No marcar “reviewed” por abrir accidentalmente.,"ENG-134-R001 | Medical OS shall be engineered as if reviewed by a 150-expert multidisciplinary organization, while keeping one accountable DRI per runtime behavior.",0.0695,"ENG-025-R001 | • Queues: critical/important/routine, unreviewed, awaiting action, patient communication, overdue.",0,ENG-025-R002 | • Acknowledgement is clinician/team action with timestamp; not inferred from opening screen.,0,MANUAL_ATOMIC_REVIEW,PENDING_EXPLICIT_APPROVAL
PROD-031-R014,PROD-031,ACTIVE,C5,• Critical results no dependen de push/email únicamente.,ENG-025-R003 | • Critical result policy separately governed and tested.,0.2746,ENG-070-R015 | 15. Receive result later.,0.2476,ENG-070-R016 | 16. Result Inbox acknowledge/action/inform/close.,0.1743,CANDIDATE_MODERATE,PENDING_EXPLICIT_APPROVAL
PROD-031-R015,PROD-031,ACTIVE,C5,• Zero unowned results.,ENG-070-R015 | 15. Receive result later.,0.3851,ENG-025-R003 | • Critical result policy separately governed and tested.,0.3475,ENG-070-R016 | 16. Result Inbox acknowledge/action/inform/close.,0.271,CANDIDATE_STRONG,PENDING_EXPLICIT_APPROVAL
PROD-031-R016,PROD-031,ACTIVE,C3,"• Audit demuestra cuándo llegó, quién lo vio, qué hizo y cuándo cerró.",ENG-070-R017 | 17. Timeline/audit/provenance reflect full chain.,0.0315,"ENG-025-R001 | • Queues: critical/important/routine, unreviewed, awaiting action, patient communication, overdue.",0,ENG-025-R002 | • Acknowledgement is clinician/team action with timestamp; not inferred from opening screen.,0,MANUAL_ATOMIC_REVIEW,PENDING_EXPLICIT_APPROVAL
PROD-032-R001,PROD-032,ACTIVE,C4,Clinical Obligation es una entidad de primer nivel: algo clínicamente importante que debe suceder después.,"ENG-000-R001 | V2 es la especificación de producto y clínica. V2.1 no reabre objetivos por comodidad técnica: los transforma en ingeniería. Cuando una contradicción técnica obliga a modificar una intención V2, se genera Change Proposal",0.0829,"ENG-032-R001 | • Omission Engine asks: what missing fact/action could materially change safety, differential, test, treatment or follow-up?",0.0333,"ENG-032-R002 | • Concordance Engine flags contradictions (allergy vs Rx, diagnosis vs problem state, impossible age/context, duplicated therapies, note vs structured record) for reconciliation.",0,MANUAL_ATOMIC_REVIEW,PENDING_EXPLICIT_APPROVAL
PROD-033-R001,PROD-033,ACTIVE,C2,"• Detección por edad, sexo/contexto, riesgo, conditions y country pack.","ENG-033-R001 | Care gaps derive from governed knowledge + patient context and appear as opportunities, not interruption spam. Chronic Disease Space composes problem, goals, measurements, meds, surveillance, obligations, results and tra",0,"ENG-163-R001 | Obligations may originate from plan, order, result, medication monitoring, referral, preventive care or knowledge artifact.",0,"ENG-163-R002 | Every obligation has owner, due state, source, escalation, completion evidence and lifecycle.",0,MANUAL_ATOMIC_REVIEW,PENDING_EXPLICIT_APPROVAL
PROD-033-R002,PROD-033,ACTIVE,C2,• Preventive opportunities no secuestran el motivo de consulta.,"ENG-163-R001 | Obligations may originate from plan, order, result, medication monitoring, referral, preventive care or knowledge artifact.",0.1239,"ENG-033-R001 | Care gaps derive from governed knowledge + patient context and appear as opportunities, not interruption spam. Chronic Disease Space composes problem, goals, measurements, meds, surveillance, obligations, results and tra",0.0973,"ENG-163-R002 | Every obligation has owner, due state, source, escalation, completion evidence and lifecycle.",0,MANUAL_ATOMIC_REVIEW,PENDING_EXPLICIT_APPROVAL
PROD-033-R003,PROD-033,ACTIVE,C2,"• Distinguir overdue, due soon, not indicated, declined, done elsewhere, unknown.","ENG-163-R002 | Every obligation has owner, due state, source, escalation, completion evidence and lifecycle.",0.0786,"ENG-033-R001 | Care gaps derive from governed knowledge + patient context and appear as opportunities, not interruption spam. Chronic Disease Space composes problem, goals, measurements, meds, surveillance, obligations, results and tra",0.0057,"ENG-163-R001 | Obligations may originate from plan, order, result, medication monitoring, referral, preventive care or knowledge artifact.",0,MANUAL_ATOMIC_REVIEW,PENDING_EXPLICIT_APPROVAL
PROD-033-R004,PROD-033,ACTIVE,C4,• Permitir registrar patient preference/refusal.,"ENG-033-R001 | Care gaps derive from governed knowledge + patient context and appear as opportunities, not interruption spam. Chronic Disease Space composes problem, goals, measurements, meds, surveillance, obligations, results and tra",0,"ENG-163-R001 | Obligations may originate from plan, order, result, medication monitoring, referral, preventive care or knowledge artifact.",0,"ENG-163-R002 | Every obligation has owner, due state, source, escalation, completion evidence and lifecycle.",0,MANUAL_ATOMIC_REVIEW,PENDING_EXPLICIT_APPROVAL
PROD-033-R005,PROD-033,ACTIVE,C2,• No usar recomendaciones sin fuente/versión/aplicabilidad.,"ENG-033-R001 | Care gaps derive from governed knowledge + patient context and appear as opportunities, not interruption spam. Chronic Disease Space composes problem, goals, measurements, meds, surveillance, obligations, results and tra",0,"ENG-163-R001 | Obligations may originate from plan, order, result, medication monitoring, referral, preventive care or knowledge artifact.",0,"ENG-163-R002 | Every obligation has owner, due state, source, escalation, completion evidence and lifecycle.",0,MANUAL_ATOMIC_REVIEW,PENDING_EXPLICIT_APPROVAL
PROD-034-R001,PROD-034,ACTIVE,C2,"Cada enfermedad crónica importante se puede abrir como un espacio longitudinal: status, objetivos, meds, trends, monitoring, complications, education y obligations.","ENG-000-R001 | V2 es la especificación de producto y clínica. V2.1 no reabre objetivos por comodidad técnica: los transforma en ingeniería. Cuando una contradicción técnica obliga a modificar una intención V2, se genera Change Proposal",0.0904,"ENG-033-R001 | Care gaps derive from governed knowledge + patient context and appear as opportunities, not interruption spam. Chronic Disease Space composes problem, goals, measurements, meds, surveillance, obligations, results and tra",0.0585,ENG-177-R001 | Maintain an accelerated synthetic clinic spanning months/years of virtual care.,0,MANUAL_ATOMIC_REVIEW,PENDING_EXPLICIT_APPROVAL
PROD-035-R001,PROD-035,ACTIVE,C2,"• Referral incluye reason, question to consultant, urgency, records shared.","ENG-245-R001 | Referral captures reason, urgency, clinical question, relevant evidence, medications, requested output and expected return state.",0.3467,ENG-290-R006 | Referral loop: question → specialist response → reconciliation.,0.264,ENG-245-R003 | Referral sent ≠ accepted ≠ completed ≠ reconciled.,0.1445,CANDIDATE_MODERATE,PENDING_EXPLICIT_APPROVAL
PROD-035-R002,PROD-035,ACTIVE,C2,• Status: created/sent/scheduled/completed/report received/reviewed/closed.,ENG-245-R003 | Referral sent ≠ accepted ≠ completed ≠ reconciled.,0.3424,ENG-284-R002 | Illegal transitions fail closed and are property/model tested.,0.125,ENG-284-R003 | State-machine version changes receive semantic diff.,0.0383,CANDIDATE_MODERATE,PENDING_EXPLICIT_APPROVAL
PROD-035-R003,PROD-035,ACTIVE,C2,• Consultant report se vincula a original problem y encounter.,"ENG-290-R002 | Encounter: capture intent/goals, reason through hypothesis/evidence/uncertainty and approve plan.",0.0604,"ENG-245-R001 | Referral captures reason, urgency, clinical question, relevant evidence, medications, requested output and expected return state.",0,"ENG-245-R002 | Incoming specialist response triggers reconciliation of diagnoses, medications, recommendations, results and obligations.",0,MANUAL_ATOMIC_REVIEW,PENDING_EXPLICIT_APPROVAL
PROD-035-R004,PROD-035,ACTIVE,C2,• No asumir referral completa sólo porque se envió.,ENG-245-R003 | Referral sent ≠ accepted ≠ completed ≠ reconciled.,0.1484,ENG-290-R006 | Referral loop: question → specialist response → reconciliation.,0.1336,"ENG-284-R001 | Define explicit state machines for Goal, Hypothesis, Intervention, Expected Result, Treatment Response, Referral, Message and Obligation lifecycles.",0.0944,MANUAL_ATOMIC_REVIEW,PENDING_EXPLICIT_APPROVAL
PROD-035-R005,PROD-035,ACTIVE,C2,• Counter-referral/return plan visible.,"ENG-245-R001 | Referral captures reason, urgency, clinical question, relevant evidence, medications, requested output and expected return state.",0.2537,ENG-245-R003 | Referral sent ≠ accepted ≠ completed ≠ reconciled.,0.1962,ENG-290-R006 | Referral loop: question → specialist response → reconciliation.,0.1767,CANDIDATE_MODERATE,PENDING_EXPLICIT_APPROVAL
PROD-037-R001,PROD-037,ACTIVE,C2,Debe responder “¿qué podría estar faltando que cambie una decisión?” sin juzgar al médico.,"ENG-032-R001 | • Omission Engine asks: what missing fact/action could materially change safety, differential, test, treatment or follow-up?",0,"ENG-032-R002 | • Concordance Engine flags contradictions (allergy vs Rx, diagnosis vs problem state, impossible age/context, duplicated therapies, note vs structured record) for reconciliation.",0,ENG-032-R003 | • Trajectory Engine compares with patient baseline and detects sustained/progressive changes; it never declares causality.,0,MANUAL_ATOMIC_REVIEW,PENDING_EXPLICIT_APPROVAL
PROD-037-R002,PROD-037,ACTIVE,C2,• Missing high-value history.,"ENG-032-R001 | • Omission Engine asks: what missing fact/action could materially change safety, differential, test, treatment or follow-up?",0.284,ENG-207-R002 | Wrong-patient high-impact mutation.,0.0842,ENG-207-R010 | Failed critical invariant or inability to reconstruct a high-impact action.,0.0638,CANDIDATE_MODERATE,PENDING_EXPLICIT_APPROVAL
PROD-037-R003,PROD-037,ACTIVE,C2,• Focused exam not documented.,"ENG-037-R002 | • Persistent patient portal has real identity/session, not permanent anonymous token.",0.0221,"ENG-032-R001 | • Omission Engine asks: what missing fact/action could materially change safety, differential, test, treatment or follow-up?",0,"ENG-032-R002 | • Concordance Engine flags contradictions (allergy vs Rx, diagnosis vs problem state, impossible age/context, duplicated therapies, note vs structured record) for reconciliation.",0,MANUAL_ATOMIC_REVIEW,PENDING_EXPLICIT_APPROVAL
PROD-037-R004,PROD-037,ACTIVE,C4,• Important safety context absent.,ENG-207-R007 | Unknown units or applicability in a safety-critical path.,0.3369,"ENG-032-R001 | • Omission Engine asks: what missing fact/action could materially change safety, differential, test, treatment or follow-up?",0.1437,ENG-207-R010 | Failed critical invariant or inability to reconstruct a high-impact action.,0.0534,CANDIDATE_MODERATE,PENDING_EXPLICIT_APPROVAL
PROD-037-R005,PROD-037,ACTIVE,C5,• Follow-up mentioned but not operationalized.,ENG-207-R005 | Silent critical-result/follow-up loss.,0.6933,"ENG-032-R001 | • Omission Engine asks: what missing fact/action could materially change safety, differential, test, treatment or follow-up?",0.5374,"ENG-032-R002 | • Concordance Engine flags contradictions (allergy vs Rx, diagnosis vs problem state, impossible age/context, duplicated therapies, note vs structured record) for reconciliation.",0.1545,CANDIDATE_STRONG,PENDING_EXPLICIT_APPROVAL
PROD-037-R006,PROD-037,ACTIVE,C2,• Treatment started without expected monitoring.,"ENG-032-R001 | • Omission Engine asks: what missing fact/action could materially change safety, differential, test, treatment or follow-up?",0.0934,"ENG-032-R002 | • Concordance Engine flags contradictions (allergy vs Rx, diagnosis vs problem state, impossible age/context, duplicated therapies, note vs structured record) for reconciliation.",0,ENG-032-R003 | • Trajectory Engine compares with patient baseline and detects sustained/progressive changes; it never declares causality.,0,MANUAL_ATOMIC_REVIEW,PENDING_EXPLICIT_APPROVAL
PROD-037-R007,PROD-037,ACTIVE,C2,• Actionable finding with no disposition.,"ENG-032-R001 | • Omission Engine asks: what missing fact/action could materially change safety, differential, test, treatment or follow-up?",0,"ENG-032-R002 | • Concordance Engine flags contradictions (allergy vs Rx, diagnosis vs problem state, impossible age/context, duplicated therapies, note vs structured record) for reconciliation.",0,ENG-032-R003 | • Trajectory Engine compares with patient baseline and detects sustained/progressive changes; it never declares causality.,0,MANUAL_ATOMIC_REVIEW,PENDING_EXPLICIT_APPROVAL
PROD-037-R008,PROD-037,ACTIVE,C2,• Contradiction between note and structured state.,"ENG-032-R002 | • Concordance Engine flags contradictions (allergy vs Rx, diagnosis vs problem state, impossible age/context, duplicated therapies, note vs structured record) for reconciliation.",0.4707,"ENG-032-R001 | • Omission Engine asks: what missing fact/action could materially change safety, differential, test, treatment or follow-up?",0,ENG-032-R003 | • Trajectory Engine compares with patient baseline and detects sustained/progressive changes; it never declares causality.,0,CANDIDATE_STRONG,PENDING_EXPLICIT_APPROVAL
PROD-037-R009,PROD-037,ACTIVE,C2,"• Cada omission tiene rationale, severity y suppression/resolve path.",ENG-032-R004 | • All engines support suppression/expiration and measure usefulness to control alert fatigue.,0.1232,ENG-207-R007 | Unknown units or applicability in a safety-critical path.,0.1183,"ENG-032-R001 | • Omission Engine asks: what missing fact/action could materially change safety, differential, test, treatment or follow-up?",0.0539,MANUAL_ATOMIC_REVIEW,PENDING_EXPLICIT_APPROVAL
PROD-038-R001,PROD-038,ACTIVE,C2,• Alergia activa vs medicamento relacionado.,"ENG-163-R001 | Obligations may originate from plan, order, result, medication monitoring, referral, preventive care or knowledge artifact.",0,"ENG-163-R002 | Every obligation has owner, due state, source, escalation, completion evidence and lifecycle.",0,"ENG-163-R003 | Independent reconciler detects results without review/owner, plans without obligations, monitoring without follow-up, failed communications, stuck workflows and stale projections.",0,MANUAL_ATOMIC_REVIEW,PENDING_EXPLICIT_APPROVAL
PROD-038-R002,PROD-038,ACTIVE,C2,• Problem marked resolved but treatment/monitoring active.,ENG-290-R005 | Treatment loop: intervention → expected response → observed response → reassessment.,0.136,"ENG-032-R002 | • Concordance Engine flags contradictions (allergy vs Rx, diagnosis vs problem state, impossible age/context, duplicated therapies, note vs structured record) for reconciliation.",0.0814,"ENG-032-R001 | • Omission Engine asks: what missing fact/action could materially change safety, differential, test, treatment or follow-up?",0.0805,MANUAL_ATOMIC_REVIEW,PENDING_EXPLICIT_APPROVAL
PROD-038-R003,PROD-038,ACTIVE,C5,• Medication present with no visible indication.,"ENG-163-R001 | Obligations may originate from plan, order, result, medication monitoring, referral, preventive care or knowledge artifact.",0.3155,ENG-290-R003 | Plan compile: create prescription/order/monitoring/follow-up without re-entry.,0.0465,"ENG-163-R002 | Every obligation has owner, due state, source, escalation, completion evidence and lifecycle.",0,CANDIDATE_MODERATE,PENDING_EXPLICIT_APPROVAL
PROD-038-R004,PROD-038,ACTIVE,C5,• Pregnancy/reproductive context vs medication warning when applicable.,"ENG-163-R001 | Obligations may originate from plan, order, result, medication monitoring, referral, preventive care or knowledge artifact.",0.2701,ENG-290-R003 | Plan compile: create prescription/order/monitoring/follow-up without re-entry.,0.0398,"ENG-032-R002 | • Concordance Engine flags contradictions (allergy vs Rx, diagnosis vs problem state, impossible age/context, duplicated therapies, note vs structured record) for reconciliation.",0.0278,CANDIDATE_MODERATE,PENDING_EXPLICIT_APPROVAL
PROD-038-R005,PROD-038,ACTIVE,C5,• Lab/imaging finding suggests follow-up but no obligation.,ENG-290-R003 | Plan compile: create prescription/order/monitoring/follow-up without re-entry.,0.6804,ENG-290-R007 | Patient loop: action plan → barrier/comprehension → routed follow-up.,0.6396,"ENG-032-R001 | • Omission Engine asks: what missing fact/action could materially change safety, differential, test, treatment or follow-up?",0.5487,CANDIDATE_STRONG,PENDING_EXPLICIT_APPROVAL
PROD-038-R006,PROD-038,ACTIVE,C5,• Note states “no meds” while med reconciliation has active therapy.,"ENG-032-R002 | • Concordance Engine flags contradictions (allergy vs Rx, diagnosis vs problem state, impossible age/context, duplicated therapies, note vs structured record) for reconciliation.",0.2548,"ENG-163-R002 | Every obligation has owner, due state, source, escalation, completion evidence and lifecycle.",0.2367,ENG-290-R003 | Plan compile: create prescription/order/monitoring/follow-up without re-entry.,0.205,CANDIDATE_MODERATE,PENDING_EXPLICIT_APPROVAL
PROD-038-R007,PROD-038,ACTIVE,C2,• No corregir automáticamente: presentar discrepancy y acciones para reconciliar.,"ENG-163-R001 | Obligations may originate from plan, order, result, medication monitoring, referral, preventive care or knowledge artifact.",0,"ENG-163-R002 | Every obligation has owner, due state, source, escalation, completion evidence and lifecycle.",0,"ENG-163-R003 | Independent reconciler detects results without review/owner, plans without obligations, monitoring without follow-up, failed communications, stuck workflows and stale projections.",0,MANUAL_ATOMIC_REVIEW,PENDING_EXPLICIT_APPROVAL
PROD-039-R001,PROD-039,ACTIVE,C4,• Compare patient to own baseline before population range.,ENG-039-R001 | • Internal domain is not FHIR-shaped by force; FHIR facade/mapping is boundary.,0,"ENG-039-R002 | • FHIR R5 is current published HL7 version, but implementation profiles/version are negotiated per integration/country; preserve compatibility strategy.",0,ENG-039-R003 | • Terminology service stores canonical + original codes.,0,MANUAL_ATOMIC_REVIEW,PENDING_EXPLICIT_APPROVAL
PROD-039-R002,PROD-039,ACTIVE,C2,• Distinguir trend real de ruido/insufficient points.,ENG-039-R001 | • Internal domain is not FHIR-shaped by force; FHIR facade/mapping is boundary.,0,"ENG-039-R002 | • FHIR R5 is current published HL7 version, but implementation profiles/version are negotiated per integration/country; preserve compatibility strategy.",0,ENG-039-R003 | • Terminology service stores canonical + original codes.,0,MANUAL_ATOMIC_REVIEW,PENDING_EXPLICIT_APPROVAL
PROD-039-R003,PROD-039,ACTIVE,C2,"• Detectar persistent elevation, rapid deterioration, improvement, oscillation.",ENG-039-R001 | • Internal domain is not FHIR-shaped by force; FHIR facade/mapping is boundary.,0,"ENG-039-R002 | • FHIR R5 is current published HL7 version, but implementation profiles/version are negotiated per integration/country; preserve compatibility strategy.",0,ENG-039-R003 | • Terminology service stores canonical + original codes.,0,MANUAL_ATOMIC_REVIEW,PENDING_EXPLICIT_APPROVAL
PROD-039-R004,PROD-039,ACTIVE,C5,• Relacionar timepoints con medication/procedure/illness changes sin afirmar causalidad.,"ENG-221-R001 | When renal/hepatic function, weight, pregnancy/context, allergy, interaction-relevant medication or other validated dependency changes, recompute only affected medication safety/applicability checks.",0.2323,ENG-221-R003 | All high-impact medication checks declare algorithm/knowledge versions and missing-data behavior.,0.1881,ENG-021-R001 | Calculated dose and prescribed dose remain distinct. Stale weight triggers explicit warning according to governed policy; the calculator never signs the prescription.,0.0262,CANDIDATE_MODERATE,PENDING_EXPLICIT_APPROVAL
PROD-039-R005,PROD-039,ACTIVE,C2,• Mostrar data quality and comparability limitations.,ENG-039-R001 | • Internal domain is not FHIR-shaped by force; FHIR facade/mapping is boundary.,0,"ENG-039-R002 | • FHIR R5 is current published HL7 version, but implementation profiles/version are negotiated per integration/country; preserve compatibility strategy.",0,ENG-039-R003 | • Terminology service stores canonical + original codes.,0,MANUAL_ATOMIC_REVIEW,PENDING_EXPLICIT_APPROVAL
PROD-040-R001,PROD-040,ACTIVE,C2,"El conocimiento clínico es contenido gobernado, versionado y revisado por especialistas. No vive escondido en prompts o JSX.",ENG-030-R003 | • Frontend never embeds authoritative red-flag logic in JSX.,0.1195,"ENG-000-R001 | V2 es la especificación de producto y clínica. V2.1 no reabre objetivos por comodidad técnica: los transforma en ingeniería. Cuando una contradicción técnica obliga a modificar una intención V2, se genera Change Proposal",0.0894,ENG-030-R001 | • Content has separate release/version lifecycle from application code.,0,MANUAL_ATOMIC_REVIEW,PENDING_EXPLICIT_APPROVAL
PROD-041-R001,PROD-041,ACTIVE,C2,"Integrar IA en tareas donde reduzca carga o ayude a sintetizar información, sin convertir el modelo en fuente de verdad clínica.",ENG-070-R001 | 1. Create tenant/org/facility/practitioner.,0,ENG-070-R002 | 2. Create/search patient with duplicate detection.,0,ENG-070-R003 | 3. Open Patient Workspace from CurrentClinicalState.,0,MANUAL_ATOMIC_REVIEW,PENDING_EXPLICIT_APPROVAL
PROD-041-R002,PROD-041,ACTIVE,C2,• Ambient/dictation → draft structured HPI/note.,ENG-070-R007 | 7. Adaptive HPI.,0.3586,ENG-070-R001 | 1. Create tenant/org/facility/practitioner.,0,ENG-070-R002 | 2. Create/search patient with duplicate detection.,0,CANDIDATE_MODERATE,PENDING_EXPLICIT_APPROVAL
PROD-041-R003,PROD-041,ACTIVE,C2,• Document extraction.,"ENG-036-R002 | • Measure factuality, unsupported claims, omission, extraction precision/recall, negation/temporality, unsafe suggestion, calibration/abstention.",0.1593,ENG-070-R001 | 1. Create tenant/org/facility/practitioner.,0,ENG-070-R002 | 2. Create/search patient with duplicate detection.,0,MANUAL_ATOMIC_REVIEW,PENDING_EXPLICIT_APPROVAL
PROD-041-R004,PROD-041,ACTIVE,C2,• Pre-visit summary.,ENG-070-R001 | 1. Create tenant/org/facility/practitioner.,0,ENG-070-R002 | 2. Create/search patient with duplicate detection.,0,ENG-070-R003 | 3. Open Patient Workspace from CurrentClinicalState.,0,MANUAL_ATOMIC_REVIEW,PENDING_EXPLICIT_APPROVAL
PROD-041-R005,PROD-041,ACTIVE,C2,• Longitudinal comparison.,ENG-036-R004 | • Shadow-mode comparison before high-impact clinician-facing activation.,0.2836,ENG-070-R017 | 17. Timeline/audit/provenance reflect full chain.,0.1689,ENG-070-R001 | 1. Create tenant/org/facility/practitioner.,0,CANDIDATE_MODERATE,PENDING_EXPLICIT_APPROVAL
PROD-041-R006,PROD-041,ACTIVE,C5,• Lab/result summary.,ENG-070-R015 | 15. Receive result later.,0.499,ENG-070-R016 | 16. Result Inbox acknowledge/action/inform/close.,0.3512,"ENG-070-R008 | 8. Upload lab PDF, preserve original, extract candidates, validate.",0.14,CANDIDATE_STRONG,PENDING_EXPLICIT_APPROVAL
PROD-041-R007,PROD-041,ACTIVE,C2,• Chart retrieval/Q&A grounded.,ENG-070-R001 | 1. Create tenant/org/facility/practitioner.,0,ENG-070-R002 | 2. Create/search patient with duplicate detection.,0,ENG-070-R003 | 3. Open Patient Workspace from CurrentClinicalState.,0,MANUAL_ATOMIC_REVIEW,PENDING_EXPLICIT_APPROVAL
PROD-041-R008,PROD-041,ACTIVE,C4,• Patient education draft.,ENG-070-R001 | 1. Create tenant/org/facility/practitioner.,0,ENG-070-R002 | 2. Create/search patient with duplicate detection.,0,ENG-070-R003 | 3. Open Patient Workspace from CurrentClinicalState.,0,MANUAL_ATOMIC_REVIEW,PENDING_EXPLICIT_APPROVAL
PROD-041-R009,PROD-041,ACTIVE,C2,• Reasoning considerations en niveles aprobados.,ENG-070-R001 | 1. Create tenant/org/facility/practitioner.,0,ENG-070-R002 | 2. Create/search patient with duplicate detection.,0,ENG-070-R003 | 3. Open Patient Workspace from CurrentClinicalState.,0,MANUAL_ATOMIC_REVIEW,PENDING_EXPLICIT_APPROVAL
PROD-041-R010,PROD-041,ACTIVE,C2,"• IA aparece en el workflow donde se necesita, no como tab aislada.",ENG-064-R003 | • Workflow states including failure,0.0614,ENG-070-R001 | 1. Create tenant/org/facility/practitioner.,0,ENG-070-R002 | 2. Create/search patient with duplicate detection.,0,MANUAL_ATOMIC_REVIEW,PENDING_EXPLICIT_APPROVAL
PROD-041-R011,PROD-041,ACTIVE,C4,• Outputs con citations/provenance al expediente cuando se apoyan en patient data.,ENG-064-R006 | • Audit/provenance implemented,0.2631,ENG-070-R006 | 6. Record vitals with provenance/trend.,0.2238,ENG-070-R017 | 17. Timeline/audit/provenance reflect full chain.,0.159,CANDIDATE_MODERATE,PENDING_EXPLICIT_APPROVAL
PROD-041-R012,PROD-041,ACTIVE,C2,• El médico puede accept/edit/reject.,"ENG-036-R005 | • No chain-of-thought storage; store inputs policy/context refs, output, model/version, decision/accept-edit-reject where appropriate.",0.3324,ENG-070-R001 | 1. Create tenant/org/facility/practitioner.,0,ENG-070-R002 | 2. Create/search patient with duplicate detection.,0,CANDIDATE_MODERATE,PENDING_EXPLICIT_APPROVAL
PROD-041-R013,PROD-041,ACTIVE,C2,• El sistema puede abstenerse.,ENG-070-R001 | 1. Create tenant/org/facility/practitioner.,0,ENG-070-R002 | 2. Create/search patient with duplicate detection.,0,ENG-070-R003 | 3. Open Patient Workspace from CurrentClinicalState.,0,MANUAL_ATOMIC_REVIEW,PENDING_EXPLICIT_APPROVAL
PROD-041-R014,PROD-041,ACTIVE,C2,• Minimum necessary context.,"ENG-036-R001 | • Datasets stratified by task, language, age/context, specialty, ambiguity, urgency and adversarial inputs.",0.0785,"ENG-036-R005 | • No chain-of-thought storage; store inputs policy/context refs, output, model/version, decision/accept-edit-reject where appropriate.",0.0694,ENG-070-R001 | 1. Create tenant/org/facility/practitioner.,0,MANUAL_ATOMIC_REVIEW,PENDING_EXPLICIT_APPROVAL
PROD-041-R015,PROD-041,ACTIVE,C2,• No whole-chart dump por comodidad.,ENG-070-R001 | 1. Create tenant/org/facility/practitioner.,0,ENG-070-R002 | 2. Create/search patient with duplicate detection.,0,ENG-070-R003 | 3. Open Patient Workspace from CurrentClinicalState.,0,MANUAL_ATOMIC_REVIEW,PENDING_EXPLICIT_APPROVAL
PROD-041-R016,PROD-041,ACTIVE,C2,• No write irreversible sin aprobación.,ENG-070-R001 | 1. Create tenant/org/facility/practitioner.,0,ENG-070-R002 | 2. Create/search patient with duplicate detection.,0,ENG-070-R003 | 3. Open Patient Workspace from CurrentClinicalState.,0,MANUAL_ATOMIC_REVIEW,PENDING_EXPLICIT_APPROVAL
PROD-041-R017,PROD-041,ACTIVE,C2,• No almacenar chain-of-thought.,"ENG-036-R005 | • No chain-of-thought storage; store inputs policy/context refs, output, model/version, decision/accept-edit-reject where appropriate.",0.3244,ENG-070-R017 | 17. Timeline/audit/provenance reflect full chain.,0.1412,ENG-070-R001 | 1. Create tenant/org/facility/practitioner.,0,CANDIDATE_MODERATE,PENDING_EXPLICIT_APPROVAL
PROD-041-R018,PROD-041,ACTIVE,C3,• Model/provider/policy version auditable.,"ENG-036-R005 | • No chain-of-thought storage; store inputs policy/context refs, output, model/version, decision/accept-edit-reject where appropriate.",0.1122,ENG-036-R003 | • Model/prompt/policy changes are versioned changes requiring eval.,0.0912,ENG-070-R001 | 1. Create tenant/org/facility/practitioner.,0,MANUAL_ATOMIC_REVIEW,PENDING_EXPLICIT_APPROVAL
PROD-041-R019,PROD-041,ACTIVE,C5,• Critical deterministic safety path independiente.,ENG-064-R008 | • Clinical safety impact complete,0.2855,ENG-070-R012 | 12. Medication prescription with safety evaluator.,0.225,ENG-070-R001 | 1. Create tenant/org/facility/practitioner.,0,CANDIDATE_MODERATE,PENDING_EXPLICIT_APPROVAL
PROD-041-R020,PROD-041,ACTIVE,C2,• Factuality y unsupported claim rate bajo umbrales definidos por task.,"ENG-036-R002 | • Measure factuality, unsupported claims, omission, extraction precision/recall, negation/temporality, unsafe suggestion, calibration/abstention.",0.1876,"ENG-036-R001 | • Datasets stratified by task, language, age/context, specialty, ambiguity, urgency and adversarial inputs.",0.0442,ENG-070-R001 | 1. Create tenant/org/facility/practitioner.,0,MANUAL_ATOMIC_REVIEW,PENDING_EXPLICIT_APPROVAL
PROD-041-R021,PROD-041,ACTIVE,C2,• Aceptación/rechazo medidos.,ENG-070-R001 | 1. Create tenant/org/facility/practitioner.,0,ENG-070-R002 | 2. Create/search patient with duplicate detection.,0,ENG-070-R003 | 3. Open Patient Workspace from CurrentClinicalState.,0,MANUAL_ATOMIC_REVIEW,PENDING_EXPLICIT_APPROVAL
PROD-041-R022,PROD-041,ACTIVE,C2,• Cambio de modelo exige eval antes de release.,ENG-064-R014 | • AI eval if needed,0.221,ENG-036-R003 | • Model/prompt/policy changes are versioned changes requiring eval.,0.1271,ENG-070-R001 | 1. Create tenant/org/facility/practitioner.,0,CANDIDATE_MODERATE,PENDING_EXPLICIT_APPROVAL
PROD-042-R001,PROD-042,ACTIVE,C4,"V2 no elige un modelo universal. Define categorías de tareas: speech, OCR/document, extraction, summarization, terminology, reasoning assistance, patient communication. Cloud y open-weight/self-hosted compiten por task.","ENG-167-R003 | Gateway performs task routing, minimum-necessary context compilation, provider/model policy, schema validation, telemetry and kill switches.",0.0254,"ENG-167-R001 | Each AI use case has task ID/version, intended/prohibited use, risk tier, context contract, allowed data, knowledge policy, tools, schema, timeout, evals and human authority.",0.0243,ENG-042-R001 | • Zero Trust: no implicit trust by network location; authenticate/authorize subject and device/session as appropriate.,0,MANUAL_ATOMIC_REVIEW,PENDING_EXPLICIT_APPROVAL
PROD-042-R002,PROD-042,ACTIVE,C3,• Routing por tarea/idioma/specialty/privacy/latency/cost.,ENG-043-R005 | • AI provider routing checks data policy and tenant configuration.,0.1132,"ENG-167-R003 | Gateway performs task routing, minimum-necessary context compilation, provider/model policy, schema validation, telemetry and kill switches.",0.0787,ENG-043-R004 | • Analytics defaults to de-identified/aggregated where possible; PHI analytics requires purpose and access policy.,0.0383,MANUAL_ATOMIC_REVIEW,PENDING_EXPLICIT_APPROVAL
PROD-042-R003,PROD-042,ACTIVE,C2,• Provider abstraction.,ENG-167-R002 | Domain code cannot import provider model SDKs directly.,0.1601,ENG-043-R005 | • AI provider routing checks data policy and tenant configuration.,0.1573,"ENG-167-R003 | Gateway performs task routing, minimum-necessary context compilation, provider/model policy, schema validation, telemetry and kill switches.",0.1094,MANUAL_ATOMIC_REVIEW,PENDING_EXPLICIT_APPROVAL
PROD-042-R004,PROD-042,ACTIVE,C2,• Structured output validation.,"ENG-167-R003 | Gateway performs task routing, minimum-necessary context compilation, provider/model policy, schema validation, telemetry and kill switches.",0.0873,ENG-042-R001 | • Zero Trust: no implicit trust by network location; authenticate/authorize subject and device/session as appropriate.,0,ENG-042-R002 | • MFA/passkeys for sensitive roles; short-lived credentials and rotation for services.,0,MANUAL_ATOMIC_REVIEW,PENDING_EXPLICIT_APPROVAL
PROD-042-R005,PROD-042,ACTIVE,C3,• Self-hosting option para tasks/tenants que lo justifiquen.,ENG-043-R005 | • AI provider routing checks data policy and tenant configuration.,0.1946,ENG-167-R004 | AI tasks cannot silently inherit permissions from prompt text.,0.0983,ENG-042-R001 | • Zero Trust: no implicit trust by network location; authenticate/authorize subject and device/session as appropriate.,0,MANUAL_ATOMIC_REVIEW,PENDING_EXPLICIT_APPROVAL
PROD-042-R006,PROD-042,ACTIVE,C2,• No llamar “modelo médico” equivalente a validado clínicamente.,ENG-042-R001 | • Zero Trust: no implicit trust by network location; authenticate/authorize subject and device/session as appropriate.,0,ENG-042-R002 | • MFA/passkeys for sensitive roles; short-lived credentials and rotation for services.,0,ENG-042-R003 | • Deny-by-default policy; step-up for export/high-risk admin.,0,MANUAL_ATOMIC_REVIEW,PENDING_EXPLICIT_APPROVAL
PROD-042-R007,PROD-042,ACTIVE,C2,• Evals específicos por español mexicano y otros locales.,"ENG-167-R001 | Each AI use case has task ID/version, intended/prohibited use, risk tier, context contract, allowed data, knowledge policy, tools, schema, timeout, evals and human authority.",0.0822,ENG-042-R001 | • Zero Trust: no implicit trust by network location; authenticate/authorize subject and device/session as appropriate.,0,ENG-042-R002 | • MFA/passkeys for sensitive roles; short-lived credentials and rotation for services.,0,MANUAL_ATOMIC_REVIEW,PENDING_EXPLICIT_APPROVAL
PROD-044-R001,PROD-044,ACTIVE,C2,Dar al paciente acceso útil y seguro a lo que necesita sin abrir el expediente completo por enlaces permanentes.,"ENG-037-R001 | • Transactional ShareGrant with scope, expiration, max uses, optional OTP, revocation.",0,"ENG-037-R002 | • Persistent patient portal has real identity/session, not permanent anonymous token.",0,ENG-037-R003 | • SMS/WhatsApp/email adapters send minimum necessary notification; sensitive content fetched after secure access.,0,MANUAL_ATOMIC_REVIEW,PENDING_EXPLICIT_APPROVAL
PROD-044-R002,PROD-044,ACTIVE,C5,"• Secure temporary links para receta, instrucciones, órdenes, selected results, appointment.",ENG-070-R015 | 15. Receive result later.,0.1894,ENG-037-R004 | • Communication events link to encounter/obligation/result when clinically relevant.,0.1469,ENG-070-R016 | 16. Result Inbox acknowledge/action/inform/close.,0.1333,MANUAL_ATOMIC_REVIEW,PENDING_EXPLICIT_APPROVAL
PROD-044-R003,PROD-044,ACTIVE,C2,• Portal persistente para pacientes frecuentes.,"ENG-037-R002 | • Persistent patient portal has real identity/session, not permanent anonymous token.",0.1058,"ENG-037-R001 | • Transactional ShareGrant with scope, expiration, max uses, optional OTP, revocation.",0,ENG-037-R003 | • SMS/WhatsApp/email adapters send minimum necessary notification; sensitive content fetched after secure access.,0,MANUAL_ATOMIC_REVIEW,PENDING_EXPLICIT_APPROVAL
PROD-044-R004,PROD-044,ACTIVE,C5,"• Appointments, documents, prescriptions, released results, education, messaging.",ENG-070-R015 | 15. Receive result later.,0.2323,ENG-037-R004 | • Communication events link to encounter/obligation/result when clinically relevant.,0.1801,ENG-070-R016 | 16. Result Inbox acknowledge/action/inform/close.,0.1635,CANDIDATE_MODERATE,PENDING_EXPLICIT_APPROVAL
PROD-044-R005,PROD-044,ACTIVE,C2,• Consent/preferences.,ENG-037-R005 | • Consent and channel preferences explicit and versioned.,0.7024,"ENG-037-R001 | • Transactional ShareGrant with scope, expiration, max uses, optional OTP, revocation.",0,"ENG-037-R002 | • Persistent patient portal has real identity/session, not permanent anonymous token.",0,CANDIDATE_STRONG,PENDING_EXPLICIT_APPROVAL
PROD-044-R006,PROD-044,ACTIVE,C2,• Link enviado por email/WhatsApp/SMS según consentimiento.,ENG-037-R003 | • SMS/WhatsApp/email adapters send minimum necessary notification; sensitive content fetched after secure access.,0.2831,ENG-070-R018 | 18. Secure Patient Link shares permitted artifacts.,0.092,ENG-037-R004 | • Communication events link to encounter/obligation/result when clinically relevant.,0.087,CANDIDATE_MODERATE,PENDING_EXPLICIT_APPROVAL
PROD-044-R007,PROD-044,ACTIVE,C2,• Step-up/OTP según sensibilidad.,"ENG-037-R001 | • Transactional ShareGrant with scope, expiration, max uses, optional OTP, revocation.",0.1603,"ENG-037-R002 | • Persistent patient portal has real identity/session, not permanent anonymous token.",0,ENG-037-R003 | • SMS/WhatsApp/email adapters send minimum necessary notification; sensitive content fetched after secure access.,0,MANUAL_ATOMIC_REVIEW,PENDING_EXPLICIT_APPROVAL
PROD-044-R008,PROD-044,ACTIVE,C2,• Expiration/revocation.,"ENG-037-R001 | • Transactional ShareGrant with scope, expiration, max uses, optional OTP, revocation.",0.4719,"ENG-037-R002 | • Persistent patient portal has real identity/session, not permanent anonymous token.",0,ENG-037-R003 | • SMS/WhatsApp/email adapters send minimum necessary notification; sensitive content fetched after secure access.,0,CANDIDATE_STRONG,PENDING_EXPLICIT_APPROVAL
PROD-044-R009,PROD-044,ACTIVE,C2,• Plain-language explanations sin alterar contenido clínico.,"ENG-037-R001 | • Transactional ShareGrant with scope, expiration, max uses, optional OTP, revocation.",0,"ENG-037-R002 | • Persistent patient portal has real identity/session, not permanent anonymous token.",0,ENG-037-R003 | • SMS/WhatsApp/email adapters send minimum necessary notification; sensitive content fetched after secure access.,0,MANUAL_ATOMIC_REVIEW,PENDING_EXPLICIT_APPROVAL
PROD-044-R010,PROD-044,ACTIVE,C2,• No PHI extensa en SMS/push.,ENG-037-R003 | • SMS/WhatsApp/email adapters send minimum necessary notification; sensitive content fetched after secure access.,0.1508,ENG-078-R005 | • Public PHI storage.,0.1236,"ENG-037-R001 | • Transactional ShareGrant with scope, expiration, max uses, optional OTP, revocation.",0,MANUAL_ATOMIC_REVIEW,PENDING_EXPLICIT_APPROVAL
PROD-044-R011,PROD-044,ACTIVE,C2,• No permanent anonymous chart link.,"ENG-037-R002 | • Persistent patient portal has real identity/session, not permanent anonymous token.",0.4373,ENG-078-R012 | • Permanent public patient links.,0.2971,ENG-078-R002 | • Store chart as giant JSON.,0.1682,CANDIDATE_STRONG,PENDING_EXPLICIT_APPROVAL
PROD-044-R012,PROD-044,ACTIVE,C4,• Patient-generated messages/data se distinguen de clinician-verified data.,"ENG-037-R001 | • Transactional ShareGrant with scope, expiration, max uses, optional OTP, revocation.",0,"ENG-037-R002 | • Persistent patient portal has real identity/session, not permanent anonymous token.",0,ENG-037-R003 | • SMS/WhatsApp/email adapters send minimum necessary notification; sensitive content fetched after secure access.,0,MANUAL_ATOMIC_REVIEW,PENDING_EXPLICIT_APPROVAL
PROD-044-R013,PROD-044,ACTIVE,C2,• Paciente accede sin fricción excesiva pero con controles proporcionales.,"ENG-037-R001 | • Transactional ShareGrant with scope, expiration, max uses, optional OTP, revocation.",0,"ENG-037-R002 | • Persistent patient portal has real identity/session, not permanent anonymous token.",0,ENG-037-R003 | • SMS/WhatsApp/email adapters send minimum necessary notification; sensitive content fetched after secure access.,0,MANUAL_ATOMIC_REVIEW,PENDING_EXPLICIT_APPROVAL
PROD-044-R014,PROD-044,ACTIVE,C2,• Revocation inmediata.,"ENG-037-R001 | • Transactional ShareGrant with scope, expiration, max uses, optional OTP, revocation.",0.1832,"ENG-037-R002 | • Persistent patient portal has real identity/session, not permanent anonymous token.",0,ENG-037-R003 | • SMS/WhatsApp/email adapters send minimum necessary notification; sensitive content fetched after secure access.,0,MANUAL_ATOMIC_REVIEW,PENDING_EXPLICIT_APPROVAL
PROD-044-R015,PROD-044,ACTIVE,C3,• Todo acceso sensible es auditable.,"ENG-037-R001 | • Transactional ShareGrant with scope, expiration, max uses, optional OTP, revocation.",0,"ENG-037-R002 | • Persistent patient portal has real identity/session, not permanent anonymous token.",0,ENG-037-R003 | • SMS/WhatsApp/email adapters send minimum necessary notification; sensitive content fetched after secure access.,0,MANUAL_ATOMIC_REVIEW,PENDING_EXPLICIT_APPROVAL
PROD-045-R001,PROD-045,ACTIVE,C4,• Unified thread por patient/context sin mezclar canales de forma confusa.,ENG-100-R001 | El transaction boundary abarca clinical write + outbox + audit cuando la consistencia del flujo lo requiere. External side effects ocurren después del commit por consumer/workflow.,0.0759,ENG-045-R001 | • Hazard log per feature/workflow; safety case for high-impact functions.,0,ENG-045-R002 | • Severity/likelihood/residual-risk model defined by clinical board and quality governance.,0,MANUAL_ATOMIC_REVIEW,PENDING_EXPLICIT_APPROVAL
PROD-045-R002,PROD-045,ACTIVE,C2,• Templates versionadas para reminders/instructions.,ENG-045-R001 | • Hazard log per feature/workflow; safety case for high-impact functions.,0,ENG-045-R002 | • Severity/likelihood/residual-risk model defined by clinical board and quality governance.,0,"ENG-045-R003 | • Safety control types: preventive, detective, recovery.",0,MANUAL_ATOMIC_REVIEW,PENDING_EXPLICIT_APPROVAL
PROD-045-R003,PROD-045,ACTIVE,C2,• Consent/opt-out por canal.,ENG-037-R005 | • Consent and channel preferences explicit and versioned.,0.1895,ENG-100-R001 | El transaction boundary abarca clinical write + outbox + audit cuando la consistencia del flujo lo requiere. External side effects ocurren después del commit por consumer/workflow.,0.1138,ENG-045-R001 | • Hazard log per feature/workflow; safety case for high-impact functions.,0,MANUAL_ATOMIC_REVIEW,PENDING_EXPLICIT_APPROVAL
PROD-045-R004,PROD-045,ACTIVE,C2,• Mensajes clínicos que requieren acción pueden crear task/obligation.,ENG-037-R004 | • Communication events link to encounter/obligation/result when clinically relevant.,0.0458,"ENG-045-R004 | • Wrong-patient, result follow-up, ordering, medication, alert fatigue, duplicate patient and downtime are mandatory hazard families.",0.0403,ENG-045-R001 | • Hazard log per feature/workflow; safety case for high-impact functions.,0,MANUAL_ATOMIC_REVIEW,PENDING_EXPLICIT_APPROVAL
PROD-045-R005,PROD-045,ACTIVE,C2,• WhatsApp/email/SMS son adapters; el dominio no depende de un proveedor.,ENG-037-R003 | • SMS/WhatsApp/email adapters send minimum necessary notification; sensitive content fetched after secure access.,0.343,ENG-045-R001 | • Hazard log per feature/workflow; safety case for high-impact functions.,0,ENG-045-R002 | • Severity/likelihood/residual-risk model defined by clinical board and quality governance.,0,CANDIDATE_MODERATE,PENDING_EXPLICIT_APPROVAL
PROD-045-R006,PROD-045,ACTIVE,C2,• No convertir mensajería casual en parte firmada del expediente sin decisión explícita.,ENG-100-R001 | El transaction boundary abarca clinical write + outbox + audit cuando la consistencia del flujo lo requiere. External side effects ocurren después del commit por consumer/workflow.,0.1219,ENG-045-R001 | • Hazard log per feature/workflow; safety case for high-impact functions.,0,ENG-045-R002 | • Severity/likelihood/residual-risk model defined by clinical board and quality governance.,0,MANUAL_ATOMIC_REVIEW,PENDING_EXPLICIT_APPROVAL
PROD-046-R001,PROD-046,ACTIVE,C2,• Multi-provider/facility schedules.,"ENG-038-R001 | • Facility timezone explicit; recurrence and daylight-saving handled by library/standards, not hand math.",0.1249,"ENG-046-R001 | • Alert must have clinical purpose, severity, action and expiration/suppression logic.",0,ENG-046-R002 | • Critical is rare and blocks only when justified; Important requires explicit review/override; Consider is non-interruptive; Info is ambient.,0,MANUAL_ATOMIC_REVIEW,PENDING_EXPLICIT_APPROVAL
PROD-046-R002,PROD-046,ACTIVE,C2,• Appointment type/duration/resources.,ENG-038-R002 | • Appointment→check-in→rooming→encounter without duplicate patient.,0.2558,"ENG-046-R001 | • Alert must have clinical purpose, severity, action and expiration/suppression logic.",0,ENG-046-R002 | • Critical is rare and blocks only when justified; Important requires explicit review/override; Consider is non-interruptive; Info is ambient.,0,CANDIDATE_MODERATE,PENDING_EXPLICIT_APPROVAL
PROD-046-R003,PROD-046,ACTIVE,C2,• Online booking rules.,ENG-038-R003 | • Double-booking prevention uses constraints/transactions where applicable.,0.3111,"ENG-046-R001 | • Alert must have clinical purpose, severity, action and expiration/suppression logic.",0,ENG-046-R002 | • Critical is rare and blocks only when justified; Important requires explicit review/override; Consider is non-interruptive; Info is ambient.,0,CANDIDATE_MODERATE,PENDING_EXPLICIT_APPROVAL
PROD-046-R004,PROD-046,ACTIVE,C2,"• Waitlist, reschedule, no-show.","ENG-046-R001 | • Alert must have clinical purpose, severity, action and expiration/suppression logic.",0,ENG-046-R002 | • Critical is rare and blocks only when justified; Important requires explicit review/override; Consider is non-interruptive; Info is ambient.,0,"ENG-046-R003 | • Measure display→action/override/dismiss, downstream outcome proxy and burden.",0,MANUAL_ATOMIC_REVIEW,PENDING_EXPLICIT_APPROVAL
PROD-046-R005,PROD-046,ACTIVE,C2,• Check-in/rooming status.,ENG-038-R002 | • Appointment→check-in→rooming→encounter without duplicate patient.,0.7061,ENG-038-R005 | • Operational status may reference encounter but cannot mutate signed clinical content.,0.0632,"ENG-046-R001 | • Alert must have clinical purpose, severity, action and expiration/suppression logic.",0,CANDIDATE_STRONG,PENDING_EXPLICIT_APPROVAL
PROD-046-R006,PROD-046,ACTIVE,C2,• Pre-visit forms/consent.,"ENG-046-R001 | • Alert must have clinical purpose, severity, action and expiration/suppression logic.",0,ENG-046-R002 | • Critical is rare and blocks only when justified; Important requires explicit review/override; Consider is non-interruptive; Info is ambient.,0,"ENG-046-R003 | • Measure display→action/override/dismiss, downstream outcome proxy and burden.",0,MANUAL_ATOMIC_REVIEW,PENDING_EXPLICIT_APPROVAL
PROD-046-R007,PROD-046,ACTIVE,C2,• Telehealth support as encounter modality.,ENG-038-R002 | • Appointment→check-in→rooming→encounter without duplicate patient.,0.1125,ENG-038-R005 | • Operational status may reference encounter but cannot mutate signed clinical content.,0.112,"ENG-046-R001 | • Alert must have clinical purpose, severity, action and expiration/suppression logic.",0,MANUAL_ATOMIC_REVIEW,PENDING_EXPLICIT_APPROVAL
PROD-046-R008,PROD-046,ACTIVE,C4,• Appointment→encounter sin duplicación de patient/context.,ENG-038-R002 | • Appointment→check-in→rooming→encounter without duplicate patient.,0.3119,ENG-038-R005 | • Operational status may reference encounter but cannot mutate signed clinical content.,0.092,"ENG-046-R001 | • Alert must have clinical purpose, severity, action and expiration/suppression logic.",0,CANDIDATE_MODERATE,PENDING_EXPLICIT_APPROVAL
PROD-050-R001,PROD-050,ACTIVE,C4,"No crear forks. Un Specialty Pack extiende preguntas, exam, calculators, notes, orders, views y safety rules sobre el mismo core.","ENG-071-R004 | • Each pack has reviewers, sources, regression suite, applicability, safety case and version.",0.1505,"ENG-071-R002 | • Specialty Pack extends clinical content, screens only when workflow materially differs.",0.1099,ENG-071-R001 | • No specialty fork.,0.1014,MANUAL_ATOMIC_REVIEW,PENDING_EXPLICIT_APPROVAL
PROD-051-R001,PROD-051,ACTIVE,C2,"Medical OS no debe ser un tutor obligatorio, pero puede ofrecer un nivel de soporte contextual para usuarios en formación sin degradar la experiencia de expertos.","ENG-051-R001 | • Tokens: color semantics, type scale, spacing, radius, elevation, motion, focus ring.",0,"ENG-051-R002 | • Clinical components: PatientHeader, AllergyBanner, ProblemCard, MedicationRow, VitalTile, Trend, ResultFlag, ObligationCard, EvidenceChip, ProvenanceDrawer, RiskCallout, DifferentialCard, CoverageMap, TimelineEvent, Si",0,ENG-051-R003 | • Storybook/component harness with accessibility and state coverage.,0,MANUAL_ATOMIC_REVIEW,PENDING_EXPLICIT_APPROVAL
PROD-051-R002,PROD-051,ACTIVE,C2,• Explain-why mode opcional.,"ENG-051-R001 | • Tokens: color semantics, type scale, spacing, radius, elevation, motion, focus ring.",0,"ENG-051-R002 | • Clinical components: PatientHeader, AllergyBanner, ProblemCard, MedicationRow, VitalTile, Trend, ResultFlag, ObligationCard, EvidenceChip, ProvenanceDrawer, RiskCallout, DifferentialCard, CoverageMap, TimelineEvent, Si",0,ENG-051-R003 | • Storybook/component harness with accessibility and state coverage.,0,MANUAL_ATOMIC_REVIEW,PENDING_EXPLICIT_APPROVAL
PROD-051-R003,PROD-051,ACTIVE,C2,• Focused prompts con fuente.,"ENG-051-R001 | • Tokens: color semantics, type scale, spacing, radius, elevation, motion, focus ring.",0,"ENG-051-R002 | • Clinical components: PatientHeader, AllergyBanner, ProblemCard, MedicationRow, VitalTile, Trend, ResultFlag, ObligationCard, EvidenceChip, ProvenanceDrawer, RiskCallout, DifferentialCard, CoverageMap, TimelineEvent, Si",0,ENG-051-R003 | • Storybook/component harness with accessibility and state coverage.,0,MANUAL_ATOMIC_REVIEW,PENDING_EXPLICIT_APPROVAL
PROD-051-R004,PROD-051,ACTIVE,C2,• Checklist visible sólo en training mode.,"ENG-051-R001 | • Tokens: color semantics, type scale, spacing, radius, elevation, motion, focus ring.",0,"ENG-051-R002 | • Clinical components: PatientHeader, AllergyBanner, ProblemCard, MedicationRow, VitalTile, Trend, ResultFlag, ObligationCard, EvidenceChip, ProvenanceDrawer, RiskCallout, DifferentialCard, CoverageMap, TimelineEvent, Si",0,ENG-051-R003 | • Storybook/component harness with accessibility and state coverage.,0,MANUAL_ATOMIC_REVIEW,PENDING_EXPLICIT_APPROVAL
PROD-051-R005,PROD-051,ACTIVE,C2,• Supervisor review workflows.,"ENG-051-R001 | • Tokens: color semantics, type scale, spacing, radius, elevation, motion, focus ring.",0,"ENG-051-R002 | • Clinical components: PatientHeader, AllergyBanner, ProblemCard, MedicationRow, VitalTile, Trend, ResultFlag, ObligationCard, EvidenceChip, ProvenanceDrawer, RiskCallout, DifferentialCard, CoverageMap, TimelineEvent, Si",0,ENG-051-R003 | • Storybook/component harness with accessibility and state coverage.,0,MANUAL_ATOMIC_REVIEW,PENDING_EXPLICIT_APPROVAL
PROD-051-R006,PROD-051,ACTIVE,C2,• No permitir que junior mode cambie scope de permisos.,"ENG-051-R001 | • Tokens: color semantics, type scale, spacing, radius, elevation, motion, focus ring.",0,"ENG-051-R002 | • Clinical components: PatientHeader, AllergyBanner, ProblemCard, MedicationRow, VitalTile, Trend, ResultFlag, ObligationCard, EvidenceChip, ProvenanceDrawer, RiskCallout, DifferentialCard, CoverageMap, TimelineEvent, Si",0,ENG-051-R003 | • Storybook/component harness with accessibility and state coverage.,0,MANUAL_ATOMIC_REVIEW,PENDING_EXPLICIT_APPROVAL
PROD-051-R007,PROD-051,ACTIVE,C2,• Metrics para detectar puntos donde novice users fallan y mejorar UX.,"ENG-051-R001 | • Tokens: color semantics, type scale, spacing, radius, elevation, motion, focus ring.",0,"ENG-051-R002 | • Clinical components: PatientHeader, AllergyBanner, ProblemCard, MedicationRow, VitalTile, Trend, ResultFlag, ObligationCard, EvidenceChip, ProvenanceDrawer, RiskCallout, DifferentialCard, CoverageMap, TimelineEvent, Si",0,ENG-051-R003 | • Storybook/component harness with accessibility and state coverage.,0,MANUAL_ATOMIC_REVIEW,PENDING_EXPLICIT_APPROVAL
PROD-052-R001,PROD-052,ACTIVE,C2,• FHIR gateway/facade desacoplado del dominio interno.,ENG-039-R001 | • Internal domain is not FHIR-shaped by force; FHIR facade/mapping is boundary.,0.3069,"ENG-316-R003 | FHIR remains an interoperability boundary, not the internal clinical ontology.",0.1335,"ENG-039-R002 | • FHIR R5 is current published HL7 version, but implementation profiles/version are negotiated per integration/country; preserve compatibility strategy.",0.0749,CANDIDATE_MODERATE,PENDING_EXPLICIT_APPROVAL
PROD-052-R002,PROD-052,ACTIVE,C2,• SMART App Launch cuando se integren apps compatibles.,ENG-039-R006 | • SMART App Launch considered for app integrations where profile/ecosystem requires it.,0.4049,ENG-039-R001 | • Internal domain is not FHIR-shaped by force; FHIR facade/mapping is boundary.,0,"ENG-039-R002 | • FHIR R5 is current published HL7 version, but implementation profiles/version are negotiated per integration/country; preserve compatibility strategy.",0,CANDIDATE_STRONG,PENDING_EXPLICIT_APPROVAL
PROD-052-R003,PROD-052,ACTIVE,C2,• HL7 v2 adapters para legacy.,"ENG-039-R004 | • HL7 v2 adapters isolate transport, mapping and business logic.",0.296,ENG-316-R002 | External payloads are untrusted input; interoperability adapters cannot bypass domain invariants or authorization.,0.2131,"ENG-316-R003 | FHIR remains an interoperability boundary, not the internal clinical ontology.",0.1264,CANDIDATE_MODERATE,PENDING_EXPLICIT_APPROVAL
PROD-052-R004,PROD-052,ACTIVE,C2,• DICOM/DICOMweb para imagen.,ENG-039-R005 | • DICOM/DICOMweb for imaging.,0.5458,"ENG-316-R003 | FHIR remains an interoperability boundary, not the internal clinical ontology.",0.1055,ENG-316-R002 | External payloads are untrusted input; interoperability adapters cannot bypass domain invariants or authorization.,0.093,CANDIDATE_STRONG,PENDING_EXPLICIT_APPROVAL
PROD-052-R005,PROD-052,ACTIVE,C2,• Terminology service con canonical + original codes.,ENG-039-R003 | • Terminology service stores canonical + original codes.,0.7265,"ENG-316-R001 | External FHIR/HL7/DICOM/document/API data enters through validation, identity resolution, terminology normalization, unit validation, provenance, trust classification and semantic mapping before becoming Medical OS domai",0.0472,ENG-039-R001 | • Internal domain is not FHIR-shaped by force; FHIR facade/mapping is boundary.,0,CANDIDATE_STRONG,PENDING_EXPLICIT_APPROVAL
PROD-052-R006,PROD-052,ACTIVE,C2,• Import/export consent-aware.,ENG-039-R001 | • Internal domain is not FHIR-shaped by force; FHIR facade/mapping is boundary.,0,"ENG-039-R002 | • FHIR R5 is current published HL7 version, but implementation profiles/version are negotiated per integration/country; preserve compatibility strategy.",0,ENG-039-R003 | • Terminology service stores canonical + original codes.,0,MANUAL_ATOMIC_REVIEW,PENDING_EXPLICIT_APPROVAL
PROD-052-R007,PROD-052,ACTIVE,C3,• Every integration is auditable and retryable.,"ENG-039-R002 | • FHIR R5 is current published HL7 version, but implementation profiles/version are negotiated per integration/country; preserve compatibility strategy.",0.1056,ENG-039-R001 | • Internal domain is not FHIR-shaped by force; FHIR facade/mapping is boundary.,0,ENG-039-R003 | • Terminology service stores canonical + original codes.,0,MANUAL_ATOMIC_REVIEW,PENDING_EXPLICIT_APPROVAL
PROD-052-R008,PROD-052,ACTIVE,C4,• No depender de disponibilidad externa para consistencia de patient core.,ENG-039-R001 | • Internal domain is not FHIR-shaped by force; FHIR facade/mapping is boundary.,0,"ENG-039-R002 | • FHIR R5 is current published HL7 version, but implementation profiles/version are negotiated per integration/country; preserve compatibility strategy.",0,ENG-039-R003 | • Terminology service stores canonical + original codes.,0,MANUAL_ATOMIC_REVIEW,PENDING_EXPLICIT_APPROVAL
PROD-053-R001,PROD-053,ACTIVE,C2,V2 requiere conservar siempre el código original recibido y su mapping; nunca “normalizar” destruyendo la fuente.,ENG-109-R002 | • LOINC-ready mapping for laboratory observations and reports where integration ecosystem supports it.,0.0557,"ENG-000-R001 | V2 es la especificación de producto y clínica. V2.1 no reabre objetivos por comodidad técnica: los transforma en ingeniería. Cuando una contradicción técnica obliga a modificar una intención V2, se genera Change Proposal",0.0528,ENG-109-R005 | • Terminology server/value-set expansion is versioned; original source display/code remains attached.,0.052,MANUAL_ATOMIC_REVIEW,PENDING_EXPLICIT_APPROVAL
PROD-054-R001,PROD-054,ACTIVE,C2,"Core clínico global; reglas legales, formatos, identifiers, receta, privacidad, terminología y interoperability profiles por país.","ENG-316-R003 | FHIR remains an interoperability boundary, not the internal clinical ontology.",0.3796,ENG-316-R002 | External payloads are untrusted input; interoperability adapters cannot bypass domain invariants or authorization.,0.301,"ENG-039-R002 | • FHIR R5 is current published HL7 version, but implementation profiles/version are negotiated per integration/country; preserve compatibility strategy.",0.1782,CANDIDATE_MODERATE,PENDING_EXPLICIT_APPROVAL
PROD-055-R001,PROD-055,ACTIVE,C2,• Zero Trust y deny-by-default.,ENG-042-R003 | • Deny-by-default policy; step-up for export/high-risk admin.,0.4782,ENG-042-R001 | • Zero Trust: no implicit trust by network location; authenticate/authorize subject and device/session as appropriate.,0.189,ENG-042-R009 | • Security events centralized; incident response and evidence retention.,0.1787,CANDIDATE_STRONG,PENDING_EXPLICIT_APPROVAL
PROD-055-R002,PROD-055,ACTIVE,C2,• Least privilege.,ENG-055-R001 | • PITR/backups with documented RPO/RTO per workflow.,0,ENG-055-R002 | • Restore drills before clinical production and on scheduled cadence.,0,ENG-055-R003 | • Downtime read-only/emergency procedures defined for critical access scenarios according to deployment model.,0,MANUAL_ATOMIC_REVIEW,PENDING_EXPLICIT_APPROVAL
PROD-055-R003,PROD-055,ACTIVE,C2,• MFA/passkeys para roles sensibles.,ENG-042-R002 | • MFA/passkeys for sensitive roles; short-lived credentials and rotation for services.,0.4546,ENG-055-R001 | • PITR/backups with documented RPO/RTO per workflow.,0,ENG-055-R002 | • Restore drills before clinical production and on scheduled cadence.,0,CANDIDATE_STRONG,PENDING_EXPLICIT_APPROVAL
PROD-055-R004,PROD-055,ACTIVE,C2,• RBAC + contextual attributes + relationships.,ENG-055-R001 | • PITR/backups with documented RPO/RTO per workflow.,0,ENG-055-R002 | • Restore drills before clinical production and on scheduled cadence.,0,ENG-055-R003 | • Downtime read-only/emergency procedures defined for critical access scenarios according to deployment model.,0,MANUAL_ATOMIC_REVIEW,PENDING_EXPLICIT_APPROVAL
PROD-055-R005,PROD-055,ACTIVE,C2,• Break-glass excepcional y revisable.,ENG-075-R004 | • Auth/session/break-glass tests pass.,0.3787,ENG-055-R001 | • PITR/backups with documented RPO/RTO per workflow.,0,ENG-055-R002 | • Restore drills before clinical production and on scheduled cadence.,0,CANDIDATE_MODERATE,PENDING_EXPLICIT_APPROVAL
PROD-055-R006,PROD-055,ACTIVE,C2,• PHI redaction in logs.,ENG-055-R001 | • PITR/backups with documented RPO/RTO per workflow.,0,ENG-055-R002 | • Restore drills before clinical production and on scheduled cadence.,0,ENG-055-R003 | • Downtime read-only/emergency procedures defined for critical access scenarios according to deployment model.,0,MANUAL_ATOMIC_REVIEW,PENDING_EXPLICIT_APPROVAL
PROD-055-R007,PROD-055,ACTIVE,C2,• Private object storage.,ENG-042-R004 | • Private object storage; signed short-lived URLs/proxy.,0.5568,ENG-055-R001 | • PITR/backups with documented RPO/RTO per workflow.,0,ENG-055-R002 | • Restore drills before clinical production and on scheduled cadence.,0,CANDIDATE_STRONG,PENDING_EXPLICIT_APPROVAL
PROD-055-R008,PROD-055,ACTIVE,C2,• Encryption and key management.,ENG-055-R001 | • PITR/backups with documented RPO/RTO per workflow.,0,ENG-055-R002 | • Restore drills before clinical production and on scheduled cadence.,0,ENG-055-R003 | • Downtime read-only/emergency procedures defined for critical access scenarios according to deployment model.,0,MANUAL_ATOMIC_REVIEW,PENDING_EXPLICIT_APPROVAL
PROD-055-R009,PROD-055,ACTIVE,C3,• Tenant isolation with defense in depth.,ENG-075-R002 | • Cross-tenant automated suite passes.,0.4593,ENG-055-R001 | • PITR/backups with documented RPO/RTO per workflow.,0,ENG-055-R002 | • Restore drills before clinical production and on scheduled cadence.,0,CANDIDATE_STRONG,PENDING_EXPLICIT_APPROVAL
PROD-055-R010,PROD-055,ACTIVE,C3,• Audit and provenance as first-class product behavior.,ENG-055-R001 | • PITR/backups with documented RPO/RTO per workflow.,0,ENG-055-R002 | • Restore drills before clinical production and on scheduled cadence.,0,ENG-055-R003 | • Downtime read-only/emergency procedures defined for critical access scenarios according to deployment model.,0,MANUAL_ATOMIC_REVIEW,PENDING_EXPLICIT_APPROVAL
PROD-055-R011,PROD-055,ACTIVE,C4,• Backup/PITR/restore drills before clinical production.,ENG-055-R002 | • Restore drills before clinical production and on scheduled cadence.,0.5237,ENG-055-R001 | • PITR/backups with documented RPO/RTO per workflow.,0.2462,ENG-075-R006 | • External pentest before clinical production and after major attack-surface change per security program.,0.1126,CANDIDATE_STRONG,PENDING_EXPLICIT_APPROVAL
PROD-056-R001,PROD-056,ACTIVE,C2,• Purpose limitation y minimum necessary.,ENG-043-R001 | • Purpose-of-use and minimum necessary are explicit design inputs.,0.5167,"ENG-277-R001 | Intent, preferences, hypotheses and uncertainty may reveal highly sensitive context and require minimum-necessary access/egress.",0.2167,ENG-277-R002 | AI context compiler selects fields by task/purpose allowlist.,0.1289,CANDIDATE_STRONG,PENDING_EXPLICIT_APPROVAL
PROD-056-R002,PROD-056,ACTIVE,C2,• Consent/preferences where required.,"ENG-043-R002 | • Consent object records scope, purpose, actor, dates, withdrawal/supersession.",0.2372,"ENG-277-R001 | Intent, preferences, hypotheses and uncertainty may reveal highly sensitive context and require minimum-necessary access/egress.",0.1918,ENG-043-R001 | • Purpose-of-use and minimum necessary are explicit design inputs.,0,CANDIDATE_MODERATE,PENDING_EXPLICIT_APPROVAL
PROD-056-R003,PROD-056,ACTIVE,C2,• Data subject rights workflow.,ENG-043-R003 | • Data subject workflows are jurisdiction-aware and do not bypass legal retention duties.,0.2316,ENG-043-R001 | • Purpose-of-use and minimum necessary are explicit design inputs.,0,"ENG-043-R002 | • Consent object records scope, purpose, actor, dates, withdrawal/supersession.",0,CANDIDATE_MODERATE,PENDING_EXPLICIT_APPROVAL
PROD-056-R004,PROD-056,ACTIVE,C2,• Export/delete/rectification decisions honor legal retention constraints.,"ENG-087-R001 | Retention rules are Country Pack/compliance policy, not hardcoded delete jobs. Clinical/legal records may have retention obligations that supersede a simple user deletion request; privacy workflows therefore produce asse",0.2499,ENG-043-R003 | • Data subject workflows are jurisdiction-aware and do not bypass legal retention duties.,0.1796,"ENG-043-R006 | • Export, bulk download and support access are high-risk audited operations.",0.1125,CANDIDATE_MODERATE,PENDING_EXPLICIT_APPROVAL
PROD-056-R005,PROD-056,ACTIVE,C4,• Patient portal scope controlled.,ENG-277-R003 | Patient-facing portal never exposes clinician-only differential/hypothesis content by default without product/policy decision.,0.2232,"ENG-043-R002 | • Consent object records scope, purpose, actor, dates, withdrawal/supersession.",0.1529,ENG-043-R001 | • Purpose-of-use and minimum necessary are explicit design inputs.,0,CANDIDATE_MODERATE,PENDING_EXPLICIT_APPROVAL
PROD-056-R006,PROD-056,ACTIVE,C2,• AI context minimization.,ENG-277-R002 | AI context compiler selects fields by task/purpose allowlist.,0.1436,"ENG-087-R001 | Retention rules are Country Pack/compliance policy, not hardcoded delete jobs. Clinical/legal records may have retention obligations that supersede a simple user deletion request; privacy workflows therefore produce asse",0.1061,"ENG-277-R001 | Intent, preferences, hypotheses and uncertainty may reveal highly sensitive context and require minimum-necessary access/egress.",0.0949,MANUAL_ATOMIC_REVIEW,PENDING_EXPLICIT_APPROVAL
PROD-056-R007,PROD-056,ACTIVE,C2,• No secondary use hidden behind generic consent.,"ENG-043-R002 | • Consent object records scope, purpose, actor, dates, withdrawal/supersession.",0.1707,ENG-043-R001 | • Purpose-of-use and minimum necessary are explicit design inputs.,0.0578,ENG-043-R003 | • Data subject workflows are jurisdiction-aware and do not bypass legal retention duties.,0,MANUAL_ATOMIC_REVIEW,PENDING_EXPLICIT_APPROVAL
PROD-056-R008,PROD-056,ACTIVE,C3,• Privacy impact assessment for new high-risk features.,"ENG-087-R001 | Retention rules are Country Pack/compliance policy, not hardcoded delete jobs. Clinical/legal records may have retention obligations that supersede a simple user deletion request; privacy workflows therefore produce asse",0.2008,"ENG-043-R006 | • Export, bulk download and support access are high-risk audited operations.",0.0854,ENG-043-R004 | • Analytics defaults to de-identified/aggregated where possible; PHI analytics requires purpose and access policy.,0.0468,MANUAL_ATOMIC_REVIEW,PENDING_EXPLICIT_APPROVAL
PROD-057-R001,PROD-057,ACTIVE,C2,"A septiembre de 2026, la especificación toma como baseline regulatorio vigente NOM-004-SSA3-2012 para expediente clínico, NOM-024-SSA3-2012 para sistemas de información de registro electrónico para la salud/intercambio, la LFPDPPP vigente, y evalúa NOM-151-SCFI-2016 y normas de dispositivos médicos cuando sean aplicables al intended use. La aplicabilidad final debe mantenerse como registro vivo y validarse legal/regulatoriamente.",ENG-044-R001 | V2.1 uses an applicability register rather than claiming “all NOMs”. Official sources checked for this baseline list NOM-004-SSA3-2012 and NOM-024-SSA3-2012 as applicable foundational references for clinical record/SIRES,0.3488,ENG-065-R007 | 7. Rehearse applicable NOM-024 evaluation evidence and close findings.,0.1588,"ENG-000-R001 | V2 es la especificación de producto y clínica. V2.1 no reabre objetivos por comodidad técnica: los transforma en ingeniería. Cuando una contradicción técnica obliga a modificar una intención V2, se genera Change Proposal",0.077,CANDIDATE_MODERATE,PENDING_EXPLICIT_APPROVAL
PROD-059-R001,PROD-059,ACTIVE,C2,"Cada feature con potencial diagnóstico/terapéutico requiere Intended Use Register por jurisdicción. Se debe poder distinguir documentación/workflow, informational CDS, recommendation CDS y software function potencialmente regulada como dispositivo.",ENG-115-R001 | Each high-impact intelligence feature enters the Regulatory Feature Classification Register before implementation. FDA’s January 2026 final Clinical Decision Support Software guidance is a reference for the U.S. market; ,0.0982,ENG-115-R003 | • Document whether physician can independently review the basis of recommendation.,0.0461,"ENG-115-R002 | • Document intended user/purpose, input, output, autonomy and time criticality.",0.0343,MANUAL_ATOMIC_REVIEW,PENDING_EXPLICIT_APPROVAL
PROD-059-R002,PROD-059,ACTIVE,C2,• Intended user.,"ENG-115-R002 | • Document intended user/purpose, input, output, autonomy and time criticality.",0.4416,ENG-115-R001 | Each high-impact intelligence feature enters the Regulatory Feature Classification Register before implementation. FDA’s January 2026 final Clinical Decision Support Software guidance is a reference for the U.S. market; ,0.0884,ENG-059-R001 | • Preview every migration against representative synthetic data volume.,0,CANDIDATE_STRONG,PENDING_EXPLICIT_APPROVAL
PROD-059-R003,PROD-059,ACTIVE,C2,• Intended purpose.,"ENG-115-R002 | • Document intended user/purpose, input, output, autonomy and time criticality.",0.4264,ENG-115-R001 | Each high-impact intelligence feature enters the Regulatory Feature Classification Register before implementation. FDA’s January 2026 final Clinical Decision Support Software guidance is a reference for the U.S. market; ,0.0915,ENG-059-R001 | • Preview every migration against representative synthetic data volume.,0,CANDIDATE_STRONG,PENDING_EXPLICIT_APPROVAL
PROD-059-R004,PROD-059,ACTIVE,C2,• Inputs/outputs.,ENG-059-R001 | • Preview every migration against representative synthetic data volume.,0,ENG-059-R002 | • Expand-and-contract for rename/drop.,0,ENG-059-R003 | • Long locks estimated and mitigated.,0,MANUAL_ATOMIC_REVIEW,PENDING_EXPLICIT_APPROVAL
PROD-059-R005,PROD-059,ACTIVE,C2,• Autonomy.,"ENG-115-R002 | • Document intended user/purpose, input, output, autonomy and time criticality.",0.4333,ENG-059-R001 | • Preview every migration against representative synthetic data volume.,0,ENG-059-R002 | • Expand-and-contract for rename/drop.,0,CANDIDATE_STRONG,PENDING_EXPLICIT_APPROVAL
PROD-059-R006,PROD-059,ACTIVE,C5,• Time criticality.,"ENG-115-R002 | • Document intended user/purpose, input, output, autonomy and time criticality.",0.5263,ENG-059-R001 | • Preview every migration against representative synthetic data volume.,0,ENG-059-R002 | • Expand-and-contract for rename/drop.,0,CANDIDATE_STRONG,PENDING_EXPLICIT_APPROVAL
PROD-059-R007,PROD-059,ACTIVE,C2,• Can clinician independently review basis?,ENG-115-R003 | • Document whether physician can independently review the basis of recommendation.,0.714,ENG-059-R005 | • Audit/provenance schema changes require Security/Compliance review.,0.067,ENG-059-R001 | • Preview every migration against representative synthetic data volume.,0,CANDIDATE_STRONG,PENDING_EXPLICIT_APPROVAL
PROD-059-R008,PROD-059,ACTIVE,C2,• Potential harm.,ENG-059-R001 | • Preview every migration against representative synthetic data volume.,0,ENG-059-R002 | • Expand-and-contract for rename/drop.,0,ENG-059-R003 | • Long locks estimated and mitigated.,0,MANUAL_ATOMIC_REVIEW,PENDING_EXPLICIT_APPROVAL
PROD-059-R009,PROD-059,ACTIVE,C4,• Patient-facing vs professional.,ENG-115-R005 | • Patient-facing diagnostic/therapeutic functions receive separate assessment.,0.2139,ENG-059-R001 | • Preview every migration against representative synthetic data volume.,0,ENG-059-R002 | • Expand-and-contract for rename/drop.,0,MANUAL_ATOMIC_REVIEW,PENDING_EXPLICIT_APPROVAL
PROD-059-R010,PROD-059,ACTIVE,C2,• Jurisdiction classification status.,"ENG-115-R004 | • If classified as device/ScDM path, activate quality/regulatory design controls, validation and change-control obligations appropriate to jurisdiction.",0.1443,ENG-115-R001 | Each high-impact intelligence feature enters the Regulatory Feature Classification Register before implementation. FDA’s January 2026 final Clinical Decision Support Software guidance is a reference for the U.S. market; ,0.0897,ENG-059-R001 | • Preview every migration against representative synthetic data volume.,0,MANUAL_ATOMIC_REVIEW,PENDING_EXPLICIT_APPROVAL
PROD-060-R001,PROD-060,ACTIVE,C2,• Autosave visible y recoverable.,ENG-060-R001 | • Separate application release from clinical-content release when architecture supports it.,0,ENG-060-R002 | • High-risk intelligence releases default shadow/canary before general availability.,0,"ENG-060-R003 | • Feature flag has owner, purpose, expiry/cleanup date; no permanent flag cemetery.",0,MANUAL_ATOMIC_REVIEW,PENDING_EXPLICIT_APPROVAL
PROD-060-R002,PROD-060,ACTIVE,C2,"• Offline/retry states diseñados, no navegador roto.",ENG-060-R001 | • Separate application release from clinical-content release when architecture supports it.,0,ENG-060-R002 | • High-risk intelligence releases default shadow/canary before general availability.,0,"ENG-060-R003 | • Feature flag has owner, purpose, expiry/cleanup date; no permanent flag cemetery.",0,MANUAL_ATOMIC_REVIEW,PENDING_EXPLICIT_APPROVAL
PROD-060-R003,PROD-060,ACTIVE,C5,• Critical workflows no dependen de un request web largo.,ENG-060-R001 | • Separate application release from clinical-content release when architecture supports it.,0,ENG-060-R002 | • High-risk intelligence releases default shadow/canary before general availability.,0,"ENG-060-R003 | • Feature flag has owner, purpose, expiry/cleanup date; no permanent flag cemetery.",0,MANUAL_ATOMIC_REVIEW,PENDING_EXPLICIT_APPROVAL
PROD-060-R004,PROD-060,ACTIVE,C2,• User can see when data is stale/pending synchronization.,ENG-060-R001 | • Separate application release from clinical-content release when architecture supports it.,0,ENG-060-R002 | • High-risk intelligence releases default shadow/canary before general availability.,0,"ENG-060-R003 | • Feature flag has owner, purpose, expiry/cleanup date; no permanent flag cemetery.",0,MANUAL_ATOMIC_REVIEW,PENDING_EXPLICIT_APPROVAL
PROD-060-R005,PROD-060,ACTIVE,C4,"• Graceful degradation: si AI cae, core clinical documentation sigue funcionando.",ENG-060-R004 | • Emergency disable path for AI/clinical content not required for core chart access.,0.0931,ENG-060-R001 | • Separate application release from clinical-content release when architecture supports it.,0,ENG-060-R002 | • High-risk intelligence releases default shadow/canary before general availability.,0,MANUAL_ATOMIC_REVIEW,PENDING_EXPLICIT_APPROVAL
PROD-060-R006,PROD-060,ACTIVE,C2,"• Si external lab/PACS cae, local state conserva order/workflow.",ENG-060-R001 | • Separate application release from clinical-content release when architecture supports it.,0,ENG-060-R002 | • High-risk intelligence releases default shadow/canary before general availability.,0,"ENG-060-R003 | • Feature flag has owner, purpose, expiry/cleanup date; no permanent flag cemetery.",0,MANUAL_ATOMIC_REVIEW,PENDING_EXPLICIT_APPROVAL
PROD-062-R001,PROD-062,ACTIVE,C2,• WCAG-aligned baseline.,ENG-052-R001 | • WCAG-oriented semantic structure and keyboard navigation baseline.,0.4483,ENG-062-R001 | • Does this touch PHI?,0,ENG-062-R002 | • Can it change clinical state?,0,CANDIDATE_STRONG,PENDING_EXPLICIT_APPROVAL
PROD-062-R002,PROD-062,ACTIVE,C2,• Keyboard/focus complete.,ENG-052-R002 | • Visible focus; no keyboard traps; target sizes for touch.,0.4556,ENG-052-R001 | • WCAG-oriented semantic structure and keyboard navigation baseline.,0.1887,ENG-062-R001 | • Does this touch PHI?,0,CANDIDATE_STRONG,PENDING_EXPLICIT_APPROVAL
PROD-062-R003,PROD-062,ACTIVE,C2,• Touch targets adecuados.,ENG-062-R001 | • Does this touch PHI?,0.3782,ENG-052-R002 | • Visible focus; no keyboard traps; target sizes for touch.,0.1899,ENG-062-R002 | • Can it change clinical state?,0,CANDIDATE_MODERATE,PENDING_EXPLICIT_APPROVAL
PROD-062-R004,PROD-062,ACTIVE,C2,• No risk-by-color only.,ENG-052-R004 | • Contrast verified; critical state has text/icon plus color.,0.2673,ENG-062-R001 | • Does this touch PHI?,0,ENG-062-R002 | • Can it change clinical state?,0,CANDIDATE_MODERATE,PENDING_EXPLICIT_APPROVAL
PROD-062-R005,PROD-062,ACTIVE,C2,• Readable typography/contrast.,ENG-052-R004 | • Contrast verified; critical state has text/icon plus color.,0.2899,ENG-062-R001 | • Does this touch PHI?,0,ENG-062-R002 | • Can it change clinical state?,0,CANDIDATE_MODERATE,PENDING_EXPLICIT_APPROVAL
PROD-062-R006,PROD-062,ACTIVE,C5,• Screen reader labels for critical controls.,ENG-052-R003 | • Screen-reader labels for clinical icons/actions.,0.6625,ENG-052-R004 | • Contrast verified; critical state has text/icon plus color.,0.0536,ENG-062-R001 | • Does this touch PHI?,0,CANDIDATE_STRONG,PENDING_EXPLICIT_APPROVAL
PROD-062-R007,PROD-062,ACTIVE,C2,• Localization does not break layout.,ENG-062-R006 | • Does it use AI?,0.2699,ENG-062-R005 | • Does it change signed content behavior?,0.1692,ENG-062-R001 | • Does this touch PHI?,0.1665,CANDIDATE_MODERATE,PENDING_EXPLICIT_APPROVAL
PROD-062-R008,PROD-062,ACTIVE,C4,• Patient-facing content supports plain language and appropriate reading level.,ENG-052-R005 | • Tables have meaningful headers; dense data offers accessible alternate reading order.,0.1614,ENG-062-R005 | • Does it change signed content behavior?,0.1215,ENG-062-R007 | • Does it alter clinical content version?,0.1166,MANUAL_ATOMIC_REVIEW,PENDING_EXPLICIT_APPROVAL
PROD-063-R001,PROD-063,ACTIVE,C2,Telemetría no debe convertirse en captura de PHI innecesaria.,ENG-043-R004 | • Analytics defaults to de-identified/aggregated where possible; PHI analytics requires purpose and access policy.,0.041,ENG-253-R003 | Do not weaken tenant/privacy boundaries in anticipation of research.,0.0379,ENG-054-R001 | Trace/correlation IDs connect technical flow without placing PHI into ordinary telemetry. Error budgets drive reliability work; not every error becomes an alert.,0.0296,MANUAL_ATOMIC_REVIEW,PENDING_EXPLICIT_APPROVAL
PROD-065-R001,PROD-065,ACTIVE,C3,Audit no es sólo una tabla backend. El producto debe permitir responder qué ocurrió en acciones sensibles sin confundir audit técnico con timeline clínico.,ENG-070-R017 | 17. Timeline/audit/provenance reflect full chain.,0.2154,ENG-065-R001 | 1. Freeze release scope manifest.,0,ENG-065-R002 | 2. Generate component/SBOM/dependency manifest.,0,MANUAL_ATOMIC_REVIEW,PENDING_EXPLICIT_APPROVAL
PROD-065-R002,PROD-065,ACTIVE,C5,"• Who, what, when, where/context, action, result.",ENG-070-R015 | 15. Receive result later.,0.4371,ENG-070-R016 | 16. Result Inbox acknowledge/action/inform/close.,0.3887,"ENG-288-R001 | Events for goal, plan, result, response, obligation and correction are versioned, idempotent and carry tenant/patient/resource identity.",0.2385,CANDIDATE_STRONG,PENDING_EXPLICIT_APPROVAL
PROD-065-R003,PROD-065,ACTIVE,C4,• Provenance for clinical data origin/transformation.,ENG-070-R006 | 6. Record vitals with provenance/trend.,0.3534,ENG-070-R017 | 17. Timeline/audit/provenance reflect full chain.,0.2512,ENG-065-R001 | 1. Freeze release scope manifest.,0,CANDIDATE_MODERATE,PENDING_EXPLICIT_APPROVAL
PROD-065-R004,PROD-065,ACTIVE,C3,• Authorization/break-glass events.,"ENG-288-R003 | Events are integration facts, not authorization tokens.",0.5004,"ENG-288-R001 | Events for goal, plan, result, response, obligation and correction are versioned, idempotent and carry tenant/patient/resource identity.",0.0898,ENG-065-R001 | 1. Freeze release scope manifest.,0,CANDIDATE_STRONG,PENDING_EXPLICIT_APPROVAL
PROD-065-R005,PROD-065,ACTIVE,C2,• Signed/amended documents.,ENG-065-R001 | 1. Freeze release scope manifest.,0,ENG-065-R002 | 2. Generate component/SBOM/dependency manifest.,0,ENG-065-R003 | 3. Export applicability register and requirement-control matrix.,0,MANUAL_ATOMIC_REVIEW,PENDING_EXPLICIT_APPROVAL
PROD-065-R006,PROD-065,ACTIVE,C2,• AI-assisted origin when relevant.,ENG-065-R001 | 1. Freeze release scope manifest.,0,ENG-065-R002 | 2. Generate component/SBOM/dependency manifest.,0,ENG-065-R003 | 3. Export applicability register and requirement-control matrix.,0,MANUAL_ATOMIC_REVIEW,PENDING_EXPLICIT_APPROVAL
PROD-065-R007,PROD-065,ACTIVE,C2,• Integration import/export events.,"ENG-288-R003 | Events are integration facts, not authorization tokens.",0.3375,ENG-065-R003 | 3. Export applicability register and requirement-control matrix.,0.2268,"ENG-288-R001 | Events for goal, plan, result, response, obligation and correction are versioned, idempotent and carry tenant/patient/resource identity.",0.1069,CANDIDATE_MODERATE,PENDING_EXPLICIT_APPROVAL
PROD-065-R008,PROD-065,ACTIVE,C4,• Patient access/share events.,"ENG-288-R003 | Events are integration facts, not authorization tokens.",0.3284,"ENG-288-R001 | Events for goal, plan, result, response, obligation and correction are versioned, idempotent and carry tenant/patient/resource identity.",0.1365,ENG-065-R001 | 1. Freeze release scope manifest.,0,CANDIDATE_MODERATE,PENDING_EXPLICIT_APPROVAL
PROD-067-R001,PROD-067,ACTIVE,C2,V2 puede declararse baseline sólo si las preguntas siguientes tienen respuesta aprobada:,"ENG-163-R001 | Obligations may originate from plan, order, result, medication monitoring, referral, preventive care or knowledge artifact.",0,"ENG-163-R002 | Every obligation has owner, due state, source, escalation, completion evidence and lifecycle.",0,"ENG-163-R003 | Independent reconciler detects results without review/owner, plans without obligations, monitoring without follow-up, failed communications, stuck workflows and stale projections.",0,MANUAL_ATOMIC_REVIEW,PENDING_EXPLICIT_APPROVAL
PROD-067-R002,PROD-067,ACTIVE,C2,• ¿Qué constituye el estado clínico del paciente?,"ENG-163-R001 | Obligations may originate from plan, order, result, medication monitoring, referral, preventive care or knowledge artifact.",0,"ENG-163-R002 | Every obligation has owner, due state, source, escalation, completion evidence and lifecycle.",0,"ENG-163-R003 | Independent reconciler detects results without review/owner, plans without obligations, monitoring without follow-up, failed communications, stuck workflows and stale projections.",0,MANUAL_ATOMIC_REVIEW,PENDING_EXPLICIT_APPROVAL
PROD-067-R003,PROD-067,ACTIVE,C2,• ¿Cuál es el encounter flow base y cómo se extiende?,"ENG-290-R002 | Encounter: capture intent/goals, reason through hypothesis/evidence/uncertainty and approve plan.",0.0671,"ENG-163-R001 | Obligations may originate from plan, order, result, medication monitoring, referral, preventive care or knowledge artifact.",0,"ENG-163-R002 | Every obligation has owner, due state, source, escalation, completion evidence and lifecycle.",0,MANUAL_ATOMIC_REVIEW,PENDING_EXPLICIT_APPROVAL
PROD-067-R004,PROD-067,ACTIVE,C5,"• ¿Cómo se representan problemas, alergias, meds, results y obligations?","ENG-163-R001 | Obligations may originate from plan, order, result, medication monitoring, referral, preventive care or knowledge artifact.",0.1744,"ENG-163-R003 | Independent reconciler detects results without review/owner, plans without obligations, monitoring without follow-up, failed communications, stuck workflows and stale projections.",0.1648,ENG-290-R004 | Result loop: receive/correct/review/action/communicate/reassess.,0.1579,MANUAL_ATOMIC_REVIEW,PENDING_EXPLICIT_APPROVAL
PROD-067-R005,PROD-067,ACTIVE,C2,"• ¿Qué significa firmar, corregir y cerrar?","ENG-163-R001 | Obligations may originate from plan, order, result, medication monitoring, referral, preventive care or knowledge artifact.",0,"ENG-163-R002 | Every obligation has owner, due state, source, escalation, completion evidence and lifecycle.",0,"ENG-163-R003 | Independent reconciler detects results without review/owner, plans without obligations, monitoring without follow-up, failed communications, stuck workflows and stale projections.",0,MANUAL_ATOMIC_REVIEW,PENDING_EXPLICIT_APPROVAL
PROD-067-R006,PROD-067,ACTIVE,C5,• ¿Cómo se evita perder resultados/follow-up?,ENG-207-R005 | Silent critical-result/follow-up loss.,0.7266,ENG-290-R003 | Plan compile: create prescription/order/monitoring/follow-up without re-entry.,0.6085,ENG-290-R007 | Patient loop: action plan → barrier/comprehension → routed follow-up.,0.572,CANDIDATE_STRONG,PENDING_EXPLICIT_APPROVAL
PROD-067-R007,PROD-067,ACTIVE,C2,• ¿Qué puede y no puede hacer IA?,"ENG-163-R001 | Obligations may originate from plan, order, result, medication monitoring, referral, preventive care or knowledge artifact.",0,"ENG-163-R002 | Every obligation has owner, due state, source, escalation, completion evidence and lifecycle.",0,"ENG-163-R003 | Independent reconciler detects results without review/owner, plans without obligations, monitoring without follow-up, failed communications, stuck workflows and stale projections.",0,MANUAL_ATOMIC_REVIEW,PENDING_EXPLICIT_APPROVAL
PROD-067-R008,PROD-067,ACTIVE,C4,• ¿Cómo se distingue suggestion vs clinical fact?,"ENG-163-R001 | Obligations may originate from plan, order, result, medication monitoring, referral, preventive care or knowledge artifact.",0,"ENG-163-R002 | Every obligation has owner, due state, source, escalation, completion evidence and lifecycle.",0,"ENG-163-R003 | Independent reconciler detects results without review/owner, plans without obligations, monitoring without follow-up, failed communications, stuck workflows and stale projections.",0,MANUAL_ATOMIC_REVIEW,PENDING_EXPLICIT_APPROVAL
PROD-067-R009,PROD-067,ACTIVE,C4,• ¿Cómo se gobierna clinical content?,"ENG-163-R001 | Obligations may originate from plan, order, result, medication monitoring, referral, preventive care or knowledge artifact.",0,"ENG-163-R002 | Every obligation has owner, due state, source, escalation, completion evidence and lifecycle.",0,"ENG-163-R003 | Independent reconciler detects results without review/owner, plans without obligations, monitoring without follow-up, failed communications, stuck workflows and stale projections.",0,MANUAL_ATOMIC_REVIEW,PENDING_EXPLICIT_APPROVAL
PROD-067-R010,PROD-067,ACTIVE,C2,• ¿Cómo se adapta por país/especialidad/edad?,"ENG-163-R001 | Obligations may originate from plan, order, result, medication monitoring, referral, preventive care or knowledge artifact.",0,"ENG-163-R002 | Every obligation has owner, due state, source, escalation, completion evidence and lifecycle.",0,"ENG-163-R003 | Independent reconciler detects results without review/owner, plans without obligations, monitoring without follow-up, failed communications, stuck workflows and stale projections.",0,MANUAL_ATOMIC_REVIEW,PENDING_EXPLICIT_APPROVAL
PROD-067-R011,PROD-067,ACTIVE,C2,"• ¿Cuáles son las boundaries de seguridad, privacidad y regulación?","ENG-163-R001 | Obligations may originate from plan, order, result, medication monitoring, referral, preventive care or knowledge artifact.",0,"ENG-163-R002 | Every obligation has owner, due state, source, escalation, completion evidence and lifecycle.",0,"ENG-163-R003 | Independent reconciler detects results without review/owner, plans without obligations, monitoring without follow-up, failed communications, stuck workflows and stale projections.",0,MANUAL_ATOMIC_REVIEW,PENDING_EXPLICIT_APPROVAL
PROD-067-R012,PROD-067,ACTIVE,C2,• ¿Qué experiencia debe lograr desktop/iPad/mobile?,"ENG-163-R001 | Obligations may originate from plan, order, result, medication monitoring, referral, preventive care or knowledge artifact.",0,"ENG-163-R002 | Every obligation has owner, due state, source, escalation, completion evidence and lifecycle.",0,"ENG-163-R003 | Independent reconciler detects results without review/owner, plans without obligations, monitoring without follow-up, failed communications, stuck workflows and stale projections.",0,MANUAL_ATOMIC_REVIEW,PENDING_EXPLICIT_APPROVAL
PROD-067-R013,PROD-067,ACTIVE,C2,• ¿Qué métricas demostrarán que el producto realmente mejora trabajo clínico?,"ENG-163-R001 | Obligations may originate from plan, order, result, medication monitoring, referral, preventive care or knowledge artifact.",0,"ENG-163-R002 | Every obligation has owner, due state, source, escalation, completion evidence and lifecycle.",0,"ENG-163-R003 | Independent reconciler detects results without review/owner, plans without obligations, monitoring without follow-up, failed communications, stuck workflows and stale projections.",0,MANUAL_ATOMIC_REVIEW,PENDING_EXPLICIT_APPROVAL
PROD-068-R001,PROD-068,ACTIVE,C2,"La regla de transición es simple: V2.1 no inventa comportamiento clínico. Traduce el comportamiento ya aprobado. Si una decisión de ingeniería revela una inconsistencia de producto, se abre Change Request contra V2 y se vuelve a revisar.","ENG-000-R001 | V2 es la especificación de producto y clínica. V2.1 no reabre objetivos por comodidad técnica: los transforma en ingeniería. Cuando una contradicción técnica obliga a modificar una intención V2, se genera Change Proposal",0.2133,"ENG-087-R001 | Retention rules are Country Pack/compliance policy, not hardcoded delete jobs. Clinical/legal records may have retention obligations that supersede a simple user deletion request; privacy workflows therefore produce asse",0.0497,ENG-068-R001 | Parallel work is allowed only after contracts stabilize. Examples: Prescription Studio UI can prototype early but cannot finalize legal rendering before Country Pack/Rx data contract; AI summary can prototype on fixtures,0,MANUAL_ATOMIC_REVIEW,PENDING_EXPLICIT_APPROVAL
PROD-071-R001,PROD-071,ACTIVE,C2,No se puede declarar superioridad mundial por marketing. V2 define cómo demostrar mejora medible.,ENG-100-R001 | El transaction boundary abarca clinical write + outbox + audit cuando la consistencia del flujo lo requiere. External side effects ocurren después del commit por consumer/workflow.,0.0726,ENG-071-R001 | • No specialty fork.,0,"ENG-071-R002 | • Specialty Pack extends clinical content, screens only when workflow materially differs.",0,MANUAL_ATOMIC_REVIEW,PENDING_EXPLICIT_APPROVAL
PROD-072-R001,PROD-072,ACTIVE,C2,• Historia clínica como JSON gigante o nota única.,ENG-078-R002 | • Store chart as giant JSON.,0.1383,ENG-072-R001 | • Structured result model reviewed for chemistry/hematology/microbiology/parasitology.,0,ENG-072-R002 | • Specimen/method/status/quality flags retained.,0,MANUAL_ATOMIC_REVIEW,PENDING_EXPLICIT_APPROVAL
PROD-072-R002,PROD-072,ACTIVE,C5,• Allergy/problem/medication como campo singular.,ENG-134-R005 | Medication / Orders / Results / Follow-up: 12.,0.2126,ENG-072-R001 | • Structured result model reviewed for chemistry/hematology/microbiology/parasitology.,0,ENG-072-R002 | • Specimen/method/status/quality flags retained.,0,MANUAL_ATOMIC_REVIEW,PENDING_EXPLICIT_APPROVAL
PROD-072-R003,PROD-072,ACTIVE,C2,• Pantalla CRUD genérica para workflows clínicos críticos.,ENG-078-R001 | • Build CRUD first and “add medicine later”.,0.1577,ENG-072-R001 | • Structured result model reviewed for chemistry/hematology/microbiology/parasitology.,0,ENG-072-R002 | • Specimen/method/status/quality flags retained.,0,MANUAL_ATOMIC_REVIEW,PENDING_EXPLICIT_APPROVAL
PROD-072-R004,PROD-072,ACTIVE,C3,• Frontend-only authorization.,ENG-078-R003 | • Authorize in frontend.,0.374,ENG-134-R011 | Frontend / Design System / Human Factors: 12.,0.3168,ENG-072-R001 | • Structured result model reviewed for chemistry/hematology/microbiology/parasitology.,0,CANDIDATE_MODERATE,PENDING_EXPLICIT_APPROVAL
PROD-072-R005,PROD-072,ACTIVE,C2,• Editar destructivamente documentación firmada.,ENG-072-R001 | • Structured result model reviewed for chemistry/hematology/microbiology/parasitology.,0,ENG-072-R002 | • Specimen/method/status/quality flags retained.,0,ENG-072-R003 | • Canonical mappings do not erase original lab semantics.,0,MANUAL_ATOMIC_REVIEW,PENDING_EXPLICIT_APPROVAL
PROD-072-R006,PROD-072,ACTIVE,C5,• Resultado “revisado” por simple visualización accidental.,ENG-072-R006 | • Integration fixtures include preliminary/final/amended and corrected result scenarios.,0.1446,ENG-072-R001 | • Structured result model reviewed for chemistry/hematology/microbiology/parasitology.,0.1344,ENG-078-R015 | • Autonomous diagnosis/prescribing by accidental feature creep.,0.1109,MANUAL_ATOMIC_REVIEW,PENDING_EXPLICIT_APPROVAL
PROD-072-R007,PROD-072,ACTIVE,C2,• Alertas clínicas directas en UI sin governance/version.,ENG-072-R001 | • Structured result model reviewed for chemistry/hematology/microbiology/parasitology.,0,ENG-072-R002 | • Specimen/method/status/quality flags retained.,0,ENG-072-R003 | • Canonical mappings do not erase original lab semantics.,0,MANUAL_ATOMIC_REVIEW,PENDING_EXPLICIT_APPROVAL
PROD-072-R008,PROD-072,ACTIVE,C2,• IA generativa como barrera única de seguridad.,ENG-072-R001 | • Structured result model reviewed for chemistry/hematology/microbiology/parasitology.,0,ENG-072-R002 | • Specimen/method/status/quality flags retained.,0,ENG-072-R003 | • Canonical mappings do not erase original lab semantics.,0,MANUAL_ATOMIC_REVIEW,PENDING_EXPLICIT_APPROVAL
PROD-072-R009,PROD-072,ACTIVE,C2,• Whole-chart context enviado a AI por defecto.,ENG-078-R009 | • Send whole chart to AI by convenience.,0.3611,ENG-078-R002 | • Store chart as giant JSON.,0.1135,ENG-072-R004 | • Reference intervals are source/context aware.,0.0609,CANDIDATE_MODERATE,PENDING_EXPLICIT_APPROVAL
PROD-072-R010,PROD-072,ACTIVE,C5,• AI diagnosis/prescription auto-commit.,ENG-078-R015 | • Autonomous diagnosis/prescribing by accidental feature creep.,0.1577,ENG-134-R005 | Medication / Orders / Results / Follow-up: 12.,0.0625,ENG-072-R001 | • Structured result model reviewed for chemistry/hematology/microbiology/parasitology.,0,MANUAL_ATOMIC_REVIEW,PENDING_EXPLICIT_APPROVAL
PROD-072-R011,PROD-072,ACTIVE,C2,• Permanent anonymous links to PHI.,ENG-078-R012 | • Permanent public patient links.,0.5654,ENG-078-R005 | • Public PHI storage.,0.1489,ENG-134-R010 | Security / Privacy / Identity / Cryptography: 12.,0.077,CANDIDATE_STRONG,PENDING_EXPLICIT_APPROVAL
PROD-072-R012,PROD-072,ACTIVE,C2,• Forks de producto por especialidad/país.,ENG-072-R001 | • Structured result model reviewed for chemistry/hematology/microbiology/parasitology.,0,ENG-072-R002 | • Specimen/method/status/quality flags retained.,0,ENG-072-R003 | • Canonical mappings do not erase original lab semantics.,0,MANUAL_ATOMIC_REVIEW,PENDING_EXPLICIT_APPROVAL
PROD-072-R013,PROD-072,ACTIVE,C2,• Reglas regulatorias hard-coded sin country/version.,ENG-078-R010 | • One AI provider hard dependency.,0.2159,ENG-134-R012 | Interoperability / Country Packs / Integrations: 8.,0.0792,ENG-072-R001 | • Structured result model reviewed for chemistry/hematology/microbiology/parasitology.,0,MANUAL_ATOMIC_REVIEW,PENDING_EXPLICIT_APPROVAL
PROD-072-R014,PROD-072,ACTIVE,C2,• Billing como fuente de verdad clínica.,ENG-072-R001 | • Structured result model reviewed for chemistry/hematology/microbiology/parasitology.,0,ENG-072-R002 | • Specimen/method/status/quality flags retained.,0,ENG-072-R003 | • Canonical mappings do not erase original lab semantics.,0,MANUAL_ATOMIC_REVIEW,PENDING_EXPLICIT_APPROVAL
PROD-072-R015,PROD-072,ACTIVE,C2,• Métrica de éxito basada en número de features.,ENG-072-R001 | • Structured result model reviewed for chemistry/hematology/microbiology/parasitology.,0,ENG-072-R002 | • Specimen/method/status/quality flags retained.,0,ENG-072-R003 | • Canonical mappings do not erase original lab semantics.,0,MANUAL_ATOMIC_REVIEW,PENDING_EXPLICIT_APPROVAL
PROD-074-R001,PROD-074,ACTIVE,C2,Estas fuentes sustentan el benchmark y los límites regulatorios/estándares; no sustituyen revisión jurídica ni evaluación de conformidad. Fecha de consulta: septiembre 2026.,"ENG-000-R001 | V2 es la especificación de producto y clínica. V2.1 no reabre objetivos por comodidad técnica: los transforma en ingeniería. Cuando una contradicción técnica obliga a modificar una intención V2, se genera Change Proposal",0.0343,ENG-074-R001 | • Medication concept/presentation/order not conflated.,0,ENG-074-R002 | • Dose unit normalization tested.,0,MANUAL_ATOMIC_REVIEW,PENDING_EXPLICIT_APPROVAL
PROD-075-R001,PROD-075,ACTIVE,C5,"V2 conserva varios fundamentos sólidos de V1: sistema operativo clínico longitudinal; datos con provenance; closed-loop; separación de clinical core y operaciones; Adaptive History; signed snapshot/amendment; Result Inbox; ClinicalPack; Zero Trust; interoperabilidad desacoplada; DevSecOps y validación. V2 eleva esos fundamentos con Patient State, Obligation como entidad central, Clinical Intelligence por motores, Prescription Studio, Patient OS, AI governance, country packs y un producto explícitamente orientado a reducir carga cognitiva.",ENG-170-R002 | Priority: patient identity → immediate safety → current task → current state → pending obligations/results → supporting history → AI/secondary intelligence.,0.1504,ENG-068-R001 | Parallel work is allowed only after contracts stabilize. Examples: Prescription Studio UI can prototype early but cannot finalize legal rendering before Country Pack/Rx data contract; AI summary can prototype on fixtures,0.1425,"ENG-170-R001 | Desktop baseline: persistent patient identity/state rail, central Clinical Workspace, contextual Intelligence Rail.",0.1376,MANUAL_ATOMIC_REVIEW,PENDING_EXPLICIT_APPROVAL
PROD-076-R001,PROD-076,ACTIVE,C2,"Cualquier cambio material posterior debe registrarse como Product Change Request y evaluarse por impacto clínico, UX, seguridad, privacidad, interoperabilidad, regulación y métricas de producto.","ENG-000-R001 | V2 es la especificación de producto y clínica. V2.1 no reabre objetivos por comodidad técnica: los transforma en ingeniería. Cuando una contradicción técnica obliga a modificar una intención V2, se genera Change Proposal",0.2334,ENG-076-R001 | • Synthetic end-to-end validation complete.,0,ENG-076-R002 | • Usability testing with target clinicians.,0,CANDIDATE_MODERATE,PENDING_EXPLICIT_APPROVAL
PROD-079-R001,PROD-079,ACTIVE,C4,• Always show patient name + at least two safe identifiers/context elements suitable to workflow.,"ENG-318-R001 | Pediatrics MUST model gestational/corrected age where applicable, weight/height trajectory, BMI percentile where appropriate, BSA, development, vaccination, guardian/consent and medication dose basis.",0,"ENG-318-R002 | Every weight-dependent calculation preserves weight_used, weight_date, weight_source and verification state.",0,ENG-318-R003 | Latest weight is not automatically the correct dose weight.,0,MANUAL_ATOMIC_REVIEW,PENDING_EXPLICIT_APPROVAL
PROD-079-R002,PROD-079,ACTIVE,C5,• Age calculated from DOB and shown precisely when pediatrics/neonatal requires it.,"ENG-318-R001 | Pediatrics MUST model gestational/corrected age where applicable, weight/height trajectory, BMI percentile where appropriate, BSA, development, vaccination, guardian/consent and medication dose basis.",0.3174,ENG-318-R003 | Latest weight is not automatically the correct dose weight.,0.0629,"ENG-318-R002 | Every weight-dependent calculation preserves weight_used, weight_date, weight_source and verification state.",0,CANDIDATE_MODERATE,PENDING_EXPLICIT_APPROVAL
PROD-079-R003,PROD-079,ACTIVE,C5,• Critical allergy state displayed without requiring hover.,ENG-298-R007 | No Patient State/Graph divergence beyond defined reconciled tolerance.,0.1956,"ENG-318-R002 | Every weight-dependent calculation preserves weight_used, weight_date, weight_source and verification state.",0.1629,ENG-298-R005 | No unowned critical work.,0.0834,MANUAL_ATOMIC_REVIEW,PENDING_EXPLICIT_APPROVAL
PROD-079-R004,PROD-079,ACTIVE,C2,• High-impact alerts have explicit label and source; avoid vague red badges.,ENG-298-R004 | No AI high-impact authority escalation.,0.4024,ENG-298-R006 | No high-impact derived fact without version/provenance.,0.325,"ENG-318-R002 | Every weight-dependent calculation preserves weight_used, weight_date, weight_source and verification state.",0.0185,CANDIDATE_STRONG,PENDING_EXPLICIT_APPROVAL
PROD-079-R005,PROD-079,ACTIVE,C2,• Encounter status and clinician visible during active encounter.,ENG-298-R007 | No Patient State/Graph divergence beyond defined reconciled tolerance.,0.0455,"ENG-318-R002 | Every weight-dependent calculation preserves weight_used, weight_date, weight_source and verification state.",0.0379,"ENG-318-R001 | Pediatrics MUST model gestational/corrected age where applicable, weight/height trajectory, BMI percentile where appropriate, BSA, development, vaccination, guardian/consent and medication dose basis.",0,MANUAL_ATOMIC_REVIEW,PENDING_EXPLICIT_APPROVAL
PROD-079-R006,PROD-079,ACTIVE,C2,• Quick actions never move or change meaning unexpectedly between screens.,"ENG-318-R001 | Pediatrics MUST model gestational/corrected age where applicable, weight/height trajectory, BMI percentile where appropriate, BSA, development, vaccination, guardian/consent and medication dose basis.",0,"ENG-318-R002 | Every weight-dependent calculation preserves weight_used, weight_date, weight_source and verification state.",0,ENG-318-R003 | Latest weight is not automatically the correct dose weight.,0,MANUAL_ATOMIC_REVIEW,PENDING_EXPLICIT_APPROVAL
PROD-079-R007,PROD-079,ACTIVE,C2,• Sensitive flags use permissions and avoid stigmatizing labels.,"ENG-318-R001 | Pediatrics MUST model gestational/corrected age where applicable, weight/height trajectory, BMI percentile where appropriate, BSA, development, vaccination, guardian/consent and medication dose basis.",0,"ENG-318-R002 | Every weight-dependent calculation preserves weight_used, weight_date, weight_source and verification state.",0,ENG-318-R003 | Latest weight is not automatically the correct dose weight.,0,MANUAL_ATOMIC_REVIEW,PENDING_EXPLICIT_APPROVAL
PROD-081-R001,PROD-081,ACTIVE,C5,"• A problem can aggregate related encounters, medications, labs, imaging, procedures, goals and obligations.","ENG-229-R001 | Compute what changed since a clinically relevant baseline/last review: new problems, changed measurements, medication changes, new results, corrected results, new contradictions, overdue obligations and resolved items.",0.1484,ENG-018-R003 | • Promotion to problem is explicit clinician action.,0.1256,ENG-018-R002 | • Assessment can contain unresolved hypotheses without polluting chronic problem list.,0.1032,MANUAL_ATOMIC_REVIEW,PENDING_EXPLICIT_APPROVAL
PROD-081-R002,PROD-081,ACTIVE,C2,• Status transitions are explicit: suspected/active/remission/resolved/refuted/historical as appropriate.,"ENG-229-R001 | Compute what changed since a clinically relevant baseline/last review: new problems, changed measurements, medication changes, new results, corrected results, new contradictions, overdue obligations and resolved items.",0.0639,ENG-018-R003 | • Promotion to problem is explicit clinician action.,0.0625,ENG-018-R001 | • Diagnosis/problem certainty separate from lifecycle state.,0.0356,MANUAL_ATOMIC_REVIEW,PENDING_EXPLICIT_APPROVAL
PROD-081-R003,PROD-081,ACTIVE,C2,• Certainty and lifecycle are separate dimensions.,ENG-018-R001 | • Diagnosis/problem certainty separate from lifecycle state.,0.5162,"ENG-229-R001 | Compute what changed since a clinically relevant baseline/last review: new problems, changed measurements, medication changes, new results, corrected results, new contradictions, overdue obligations and resolved items.",0,ENG-229-R002 | Rank by clinical relevance and novelty rather than raw chronology.,0,CANDIDATE_STRONG,PENDING_EXPLICIT_APPROVAL
PROD-081-R004,PROD-081,ACTIVE,C2,• Problem page highlights “what changed since last review”.,"ENG-229-R001 | Compute what changed since a clinically relevant baseline/last review: new problems, changed measurements, medication changes, new results, corrected results, new contradictions, overdue obligations and resolved items.",0.3223,ENG-018-R003 | • Promotion to problem is explicit clinician action.,0.1539,ENG-018-R001 | • Diagnosis/problem certainty separate from lifecycle state.,0.1218,CANDIDATE_MODERATE,PENDING_EXPLICIT_APPROVAL
PROD-081-R005,PROD-081,ACTIVE,C2,• A resolved problem remains in history; it is not deleted.,ENG-018-R003 | • Promotion to problem is explicit clinician action.,0.2094,ENG-018-R001 | • Diagnosis/problem certainty separate from lifecycle state.,0.1657,ENG-018-R002 | • Assessment can contain unresolved hypotheses without polluting chronic problem list.,0.1244,MANUAL_ATOMIC_REVIEW,PENDING_EXPLICIT_APPROVAL
PROD-081-R006,PROD-081,ACTIVE,C5,• Multiple problems can share one observation/medication with explicit relationships.,"ENG-229-R001 | Compute what changed since a clinically relevant baseline/last review: new problems, changed measurements, medication changes, new results, corrected results, new contradictions, overdue obligations and resolved items.",0.24,ENG-021-R001 | Calculated dose and prescribed dose remain distinct. Stale weight triggers explicit warning according to governed policy; the calculator never signs the prescription.,0.068,ENG-018-R003 | • Promotion to problem is explicit clinician action.,0.0642,CANDIDATE_MODERATE,PENDING_EXPLICIT_APPROVAL
PROD-083-R001,PROD-083,ACTIVE,C5,Severity is not inferred only from color or LLM wording. Criticality is governed by validated rule/provider policy and may vary by context/laboratory.,ENG-025-R003 | • Critical result policy separately governed and tested.,0.1561,ENG-025-R002 | • Acknowledgement is clinician/team action with timestamp; not inferred from opening screen.,0.1481,ENG-217-R003 | Expected result is distinct from predicted biological value unless an explicitly validated model exists.,0.0779,MANUAL_ATOMIC_REVIEW,PENDING_EXPLICIT_APPROVAL
PROD-084-R001,PROD-084,ACTIVE,C4,• Notification is not the clinical obligation itself; it is one delivery mechanism.,ENG-037-R003 | • SMS/WhatsApp/email adapters send minimum necessary notification; sensitive content fetched after secure access.,0.1286,ENG-037-R004 | • Communication events link to encounter/obligation/result when clinically relevant.,0.0788,"ENG-037-R002 | • Persistent patient portal has real identity/session, not permanent anonymous token.",0.0175,MANUAL_ATOMIC_REVIEW,PENDING_EXPLICIT_APPROVAL
PROD-084-R002,PROD-084,ACTIVE,C2,"• Every notification has subject, reason, priority, recipient, channel, delivery status, read/ack status when relevant.",ENG-037-R005 | • Consent and channel preferences explicit and versioned.,0.189,ENG-037-R003 | • SMS/WhatsApp/email adapters send minimum necessary notification; sensitive content fetched after secure access.,0.0852,"ENG-037-R002 | • Persistent patient portal has real identity/session, not permanent anonymous token.",0.0652,MANUAL_ATOMIC_REVIEW,PENDING_EXPLICIT_APPROVAL
PROD-084-R003,PROD-084,ACTIVE,C5,• Critical workflows require in-product state and escalation even if email/SMS fails.,ENG-037-R003 | • SMS/WhatsApp/email adapters send minimum necessary notification; sensitive content fetched after secure access.,0.2252,"ENG-037-R001 | • Transactional ShareGrant with scope, expiration, max uses, optional OTP, revocation.",0,"ENG-037-R002 | • Persistent patient portal has real identity/session, not permanent anonymous token.",0,CANDIDATE_MODERATE,PENDING_EXPLICIT_APPROVAL
PROD-084-R004,PROD-084,ACTIVE,C2,• Deduplicate repeated alerts for same unresolved condition.,"ENG-037-R001 | • Transactional ShareGrant with scope, expiration, max uses, optional OTP, revocation.",0,"ENG-037-R002 | • Persistent patient portal has real identity/session, not permanent anonymous token.",0,ENG-037-R003 | • SMS/WhatsApp/email adapters send minimum necessary notification; sensitive content fetched after secure access.,0,MANUAL_ATOMIC_REVIEW,PENDING_EXPLICIT_APPROVAL
PROD-084-R005,PROD-084,ACTIVE,C5,• Quiet hours may apply to routine notices but not defined critical escalation.,"ENG-037-R002 | • Persistent patient portal has real identity/session, not permanent anonymous token.",0.0128,"ENG-037-R001 | • Transactional ShareGrant with scope, expiration, max uses, optional OTP, revocation.",0,ENG-037-R003 | • SMS/WhatsApp/email adapters send minimum necessary notification; sensitive content fetched after secure access.,0,MANUAL_ATOMIC_REVIEW,PENDING_EXPLICIT_APPROVAL
PROD-084-R006,PROD-084,ACTIVE,C4,• Allow clinician notification preferences only within safety policy boundaries.,ENG-037-R005 | • Consent and channel preferences explicit and versioned.,0.2129,ENG-037-R003 | • SMS/WhatsApp/email adapters send minimum necessary notification; sensitive content fetched after secure access.,0.1183,"ENG-037-R001 | • Transactional ShareGrant with scope, expiration, max uses, optional OTP, revocation.",0,MANUAL_ATOMIC_REVIEW,PENDING_EXPLICIT_APPROVAL
PROD-085-R001,PROD-085,ACTIVE,C4,"• Patient questionnaires, home BP, glucose, photos or symptom diaries are labeled as patient-reported/device-originated.","ENG-085-R001 | • Import is staged, never direct truth injection.",0,ENG-085-R002 | • Every imported artifact has source/system/date and confidence/validation state.,0,ENG-085-R003 | • Legacy free text remains available while structured extraction is candidate until validated.,0,MANUAL_ATOMIC_REVIEW,PENDING_EXPLICIT_APPROVAL
PROD-085-R002,PROD-085,ACTIVE,C2,• They can enter review queues; they do not automatically overwrite clinician-verified observations.,ENG-158-R003 | AI-extracted unverified values cannot silently become verified safety-critical inputs.,0.0828,ENG-231-R003 | Episode assignment can be suggested by AI but remains provenance-marked and correctable.,0.0298,ENG-085-R006 | • Do not fabricate missing provenance from legacy data.,0.0147,MANUAL_ATOMIC_REVIEW,PENDING_EXPLICIT_APPROVAL
PROD-085-R003,PROD-085,ACTIVE,C5,• Outlier home values can trigger configured review without generating diagnosis.,ENG-158-R003 | AI-extracted unverified values cannot silently become verified safety-critical inputs.,0.086,"ENG-231-R001 | Support chronological, problem-centric, medication-centric, diagnostic and episode-centric projections over the same authoritative facts.",0.0492,ENG-231-R003 | Episode assignment can be suggested by AI but remains provenance-marked and correctable.,0.029,MANUAL_ATOMIC_REVIEW,PENDING_EXPLICIT_APPROVAL
PROD-085-R004,PROD-085,ACTIVE,C3,• Device provenance includes device/source where available.,ENG-085-R006 | • Do not fabricate missing provenance from legacy data.,0.2635,ENG-231-R003 | Episode assignment can be suggested by AI but remains provenance-marked and correctable.,0.2112,"ENG-158-R001 | Track completeness, validity, plausibility, consistency, timeliness, provenance, verification, uniqueness and terminology resolution per fact/purpose.",0.1705,CANDIDATE_MODERATE,PENDING_EXPLICIT_APPROVAL
PROD-085-R005,PROD-085,ACTIVE,C2,• Bulk streams should summarize trends and surface exceptions instead of flooding timeline.,ENG-231-R002 | Timeline grouping is a read model; it does not duplicate clinical truth.,0.2975,"ENG-158-R001 | Track completeness, validity, plausibility, consistency, timeliness, provenance, verification, uniqueness and terminology resolution per fact/purpose.",0.1554,"ENG-085-R001 | • Import is staged, never direct truth injection.",0,CANDIDATE_MODERATE,PENDING_EXPLICIT_APPROVAL
PROD-087-R001,PROD-087,ACTIVE,C4,• Same patient/encounter core; modality differs.,ENG-237-R004 | Late/stale ambient outputs are patient/encounter/request bound and safely discarded.,0.0813,"ENG-148-R001 | Applicability may depend on age, life stage, pregnancy/context, jurisdiction, problem state, medication, renal/hepatic state, encounter context and time.",0.0579,ENG-148-R002 | Missing applicability facts produce unknown/insufficient-information state rather than defaults.,0,MANUAL_ATOMIC_REVIEW,PENDING_EXPLICIT_APPROVAL
PROD-087-R002,PROD-087,ACTIVE,C4,• Capture location/jurisdiction context when needed for clinical/regulatory purposes.,ENG-237-R002 | Pipeline: capture → segmentation → extraction → context binding → contradiction check → candidate objects → physician review → commit.,0.1483,"ENG-148-R001 | Applicability may depend on age, life stage, pregnancy/context, jurisdiction, problem state, medication, renal/hepatic state, encounter context and time.",0.1104,"ENG-148-R003 | Resolve global guidance, law/regulation, national guideline, institution policy and specialty packs through a governed jurisdiction/precedence lattice.",0.0605,MANUAL_ATOMIC_REVIEW,PENDING_EXPLICIT_APPROVAL
PROD-087-R003,PROD-087,ACTIVE,C2,"• Video vendor is adapter, not owner of encounter state.","ENG-148-R001 | Applicability may depend on age, life stage, pregnancy/context, jurisdiction, problem state, medication, renal/hepatic state, encounter context and time.",0.2416,ENG-148-R002 | Missing applicability facts produce unknown/insufficient-information state rather than defaults.,0.1672,"ENG-237-R001 | Conversation/audio may generate candidate history facts, exam statements, medications, orders, instructions, obligations and missing-question suggestions.",0.094,CANDIDATE_MODERATE,PENDING_EXPLICIT_APPROVAL
PROD-087-R004,PROD-087,ACTIVE,C4,• Document limitations of remote examination when clinically material.,ENG-148-R004 | Unresolved clinically meaningful conflict is surfaced rather than hidden.,0.0723,"ENG-148-R001 | Applicability may depend on age, life stage, pregnancy/context, jurisdiction, problem state, medication, renal/hepatic state, encounter context and time.",0,ENG-148-R002 | Missing applicability facts produce unknown/insufficient-information state rather than defaults.,0,MANUAL_ATOMIC_REVIEW,PENDING_EXPLICIT_APPROVAL
PROD-087-R005,PROD-087,ACTIVE,C4,• Patient instructions/prescriptions/orders flow through same post-visit system.,"ENG-237-R001 | Conversation/audio may generate candidate history facts, exam statements, medications, orders, instructions, obligations and missing-question suggestions.",0.2391,"ENG-148-R003 | Resolve global guidance, law/regulation, national guideline, institution policy and specialty packs through a governed jurisdiction/precedence lattice.",0.0552,"ENG-148-R001 | Applicability may depend on age, life stage, pregnancy/context, jurisdiction, problem state, medication, renal/hepatic state, encounter context and time.",0,CANDIDATE_MODERATE,PENDING_EXPLICIT_APPROVAL
PROD-088-R001,PROD-088,ACTIVE,C4,Medical OS is primarily designed as physician work portal; high-acuity workflows require a distinct mode rather than stretching ambulatory UX.,"ENG-274-R001 | Safe mode prioritizes patient identity, allergies/critical safety data, authoritative chart, medication list, critical results, obligations, basic documentation/prescribing where validated dependencies remain available a",0.0478,ENG-088-R001 | • No shared “superadmin” credentials.,0,"ENG-088-R002 | • Support access is scoped, reasoned, time-bounded and audited.",0,MANUAL_ATOMIC_REVIEW,PENDING_EXPLICIT_APPROVAL
PROD-088-R002,PROD-088,ACTIVE,C2,• Rapid triage view.,ENG-088-R003 | • Default support view minimizes PHI; escalation to content access requires explicit policy.,0.243,ENG-088-R001 | • No shared “superadmin” credentials.,0,"ENG-088-R002 | • Support access is scoped, reasoned, time-bounded and audited.",0,CANDIDATE_MODERATE,PENDING_EXPLICIT_APPROVAL
PROD-088-R003,PROD-088,ACTIVE,C2,• Time-stamped interventions/observations.,"ENG-088-R002 | • Support access is scoped, reasoned, time-bounded and audited.",0.1004,ENG-088-R001 | • No shared “superadmin” credentials.,0,ENG-088-R003 | • Default support view minimizes PHI; escalation to content access requires explicit policy.,0,MANUAL_ATOMIC_REVIEW,PENDING_EXPLICIT_APPROVAL
PROD-088-R004,PROD-088,ACTIVE,C2,• Persistent red flags and disposition.,ENG-088-R001 | • No shared “superadmin” credentials.,0,"ENG-088-R002 | • Support access is scoped, reasoned, time-bounded and audited.",0,ENG-088-R003 | • Default support view minimizes PHI; escalation to content access requires explicit policy.,0,MANUAL_ATOMIC_REVIEW,PENDING_EXPLICIT_APPROVAL
PROD-088-R005,PROD-088,ACTIVE,C5,• Minimal clicks for critical documentation.,"ENG-274-R001 | Safe mode prioritizes patient identity, allergies/critical safety data, authoritative chart, medication list, critical results, obligations, basic documentation/prescribing where validated dependencies remain available a",0.1501,ENG-088-R001 | • No shared “superadmin” credentials.,0,"ENG-088-R002 | • Support access is scoped, reasoned, time-bounded and audited.",0,MANUAL_ATOMIC_REVIEW,PENDING_EXPLICIT_APPROVAL
PROD-088-R006,PROD-088,ACTIVE,C2,• Handoff summary.,ENG-088-R001 | • No shared “superadmin” credentials.,0,"ENG-088-R002 | • Support access is scoped, reasoned, time-bounded and audited.",0,ENG-088-R003 | • Default support view minimizes PHI; escalation to content access requires explicit policy.,0,MANUAL_ATOMIC_REVIEW,PENDING_EXPLICIT_APPROVAL
PROD-088-R007,PROD-088,ACTIVE,C5,• No dependency on generative AI to surface time-critical safety facts.,"ENG-274-R001 | Safe mode prioritizes patient identity, allergies/critical safety data, authoritative chart, medication list, critical results, obligations, basic documentation/prescribing where validated dependencies remain available a",0.1781,"ENG-088-R002 | • Support access is scoped, reasoned, time-bounded and audited.",0.0972,ENG-088-R001 | • No shared “superadmin” credentials.,0,MANUAL_ATOMIC_REVIEW,PENDING_EXPLICIT_APPROVAL
PROD-089-R001,PROD-089,ACTIVE,C2,• Age in years/months/days depending stage.,"ENG-318-R001 | Pediatrics MUST model gestational/corrected age where applicable, weight/height trajectory, BMI percentile where appropriate, BSA, development, vaccination, guardian/consent and medication dose basis.",0.0493,"ENG-318-R002 | Every weight-dependent calculation preserves weight_used, weight_date, weight_source and verification state.",0,ENG-318-R003 | Latest weight is not automatically the correct dose weight.,0,MANUAL_ATOMIC_REVIEW,PENDING_EXPLICIT_APPROVAL
PROD-089-R002,PROD-089,ACTIVE,C2,• Growth chart context and serial anthropometry.,"ENG-318-R001 | Pediatrics MUST model gestational/corrected age where applicable, weight/height trajectory, BMI percentile where appropriate, BSA, development, vaccination, guardian/consent and medication dose basis.",0,"ENG-318-R002 | Every weight-dependent calculation preserves weight_used, weight_date, weight_source and verification state.",0,ENG-318-R003 | Latest weight is not automatically the correct dose weight.,0,MANUAL_ATOMIC_REVIEW,PENDING_EXPLICIT_APPROVAL
PROD-089-R003,PROD-089,ACTIVE,C2,• Development milestones and caregiver context.,"ENG-318-R001 | Pediatrics MUST model gestational/corrected age where applicable, weight/height trajectory, BMI percentile where appropriate, BSA, development, vaccination, guardian/consent and medication dose basis.",0.1076,"ENG-318-R002 | Every weight-dependent calculation preserves weight_used, weight_date, weight_source and verification state.",0,ENG-318-R003 | Latest weight is not automatically the correct dose weight.,0,MANUAL_ATOMIC_REVIEW,PENDING_EXPLICIT_APPROVAL
PROD-089-R004,PROD-089,ACTIVE,C2,• Prenatal/perinatal/newborn history in applicable ages.,"ENG-341-R001 | Every weight-dependent medication calculation records drug/formulation/concentration/route, weight_used, weight_date/source, dose basis, algorithm/knowledge version, calculated dose, capped dose when applicable, administ",0.0373,"ENG-318-R001 | Pediatrics MUST model gestational/corrected age where applicable, weight/height trajectory, BMI percentile where appropriate, BSA, development, vaccination, guardian/consent and medication dose basis.",0.0362,"ENG-318-R002 | Every weight-dependent calculation preserves weight_used, weight_date, weight_source and verification state.",0,MANUAL_ATOMIC_REVIEW,PENDING_EXPLICIT_APPROVAL
PROD-089-R005,PROD-089,ACTIVE,C2,• Immunization history and local schedule integration via pack.,"ENG-318-R001 | Pediatrics MUST model gestational/corrected age where applicable, weight/height trajectory, BMI percentile where appropriate, BSA, development, vaccination, guardian/consent and medication dose basis.",0,"ENG-318-R002 | Every weight-dependent calculation preserves weight_used, weight_date, weight_source and verification state.",0,ENG-318-R003 | Latest weight is not automatically the correct dose weight.,0,MANUAL_ATOMIC_REVIEW,PENDING_EXPLICIT_APPROVAL
PROD-089-R006,PROD-089,ACTIVE,C5,• Weight-based medication calculations with dated weight.,"ENG-341-R001 | Every weight-dependent medication calculation records drug/formulation/concentration/route, weight_used, weight_date/source, dose basis, algorithm/knowledge version, calculated dose, capped dose when applicable, administ",0.3817,"ENG-318-R002 | Every weight-dependent calculation preserves weight_used, weight_date, weight_source and verification state.",0.3287,ENG-318-R003 | Latest weight is not automatically the correct dose weight.,0.3196,CANDIDATE_STRONG,PENDING_EXPLICIT_APPROVAL
PROD-089-R007,PROD-089,ACTIVE,C2,• Guardian/consent relationships and adolescent confidentiality policy hooks.,"ENG-318-R001 | Pediatrics MUST model gestational/corrected age where applicable, weight/height trajectory, BMI percentile where appropriate, BSA, development, vaccination, guardian/consent and medication dose basis.",0.1605,ENG-021-R001 | Calculated dose and prescribed dose remain distinct. Stale weight triggers explicit warning according to governed policy; the calculator never signs the prescription.,0.0264,"ENG-318-R002 | Every weight-dependent calculation preserves weight_used, weight_date, weight_source and verification state.",0,MANUAL_ATOMIC_REVIEW,PENDING_EXPLICIT_APPROVAL
PROD-090-R001,PROD-090,ACTIVE,C2,• Functional status/ADL-IADL hooks.,ENG-090-R001 | • docs/adr: why architecture decisions exist.,0,ENG-090-R002 | • docs/product: V2 requirement excerpts/links and change proposals.,0,ENG-090-R003 | • docs/clinical-safety: hazards/safety cases.,0,MANUAL_ATOMIC_REVIEW,PENDING_EXPLICIT_APPROVAL
PROD-090-R002,PROD-090,ACTIVE,C2,• Cognition screening hooks.,ENG-090-R001 | • docs/adr: why architecture decisions exist.,0,ENG-090-R002 | • docs/product: V2 requirement excerpts/links and change proposals.,0,ENG-090-R003 | • docs/clinical-safety: hazards/safety cases.,0,MANUAL_ATOMIC_REVIEW,PENDING_EXPLICIT_APPROVAL
PROD-090-R003,PROD-090,ACTIVE,C2,• Falls and mobility.,ENG-090-R001 | • docs/adr: why architecture decisions exist.,0,ENG-090-R002 | • docs/product: V2 requirement excerpts/links and change proposals.,0,ENG-090-R003 | • docs/clinical-safety: hazards/safety cases.,0,MANUAL_ATOMIC_REVIEW,PENDING_EXPLICIT_APPROVAL
PROD-090-R004,PROD-090,ACTIVE,C2,• Frailty context.,ENG-180-R002 | Patient-context binding.,0.1841,ENG-090-R001 | • docs/adr: why architecture decisions exist.,0,ENG-090-R002 | • docs/product: V2 requirement excerpts/links and change proposals.,0,MANUAL_ATOMIC_REVIEW,PENDING_EXPLICIT_APPROVAL
PROD-090-R005,PROD-090,ACTIVE,C5,• Polypharmacy and deprescribing considerations.,ENG-090-R001 | • docs/adr: why architecture decisions exist.,0,ENG-090-R002 | • docs/product: V2 requirement excerpts/links and change proposals.,0,ENG-090-R003 | • docs/clinical-safety: hazards/safety cases.,0,MANUAL_ATOMIC_REVIEW,PENDING_EXPLICIT_APPROVAL
PROD-090-R006,PROD-090,ACTIVE,C2,• Caregiver/related person context.,ENG-180-R002 | Patient-context binding.,0.1383,ENG-090-R001 | • docs/adr: why architecture decisions exist.,0,ENG-090-R002 | • docs/product: V2 requirement excerpts/links and change proposals.,0,MANUAL_ATOMIC_REVIEW,PENDING_EXPLICIT_APPROVAL
PROD-090-R007,PROD-090,ACTIVE,C2,• Advance care planning documents where applicable.,ENG-090-R001 | • docs/adr: why architecture decisions exist.,0,ENG-090-R002 | • docs/product: V2 requirement excerpts/links and change proposals.,0,ENG-090-R003 | • docs/clinical-safety: hazards/safety cases.,0,MANUAL_ATOMIC_REVIEW,PENDING_EXPLICIT_APPROVAL
PROD-090-R008,PROD-090,ACTIVE,C2,• Do not make age alone a proxy for frailty or decision capacity.,ENG-090-R001 | • docs/adr: why architecture decisions exist.,0,ENG-090-R002 | • docs/product: V2 requirement excerpts/links and change proposals.,0,ENG-090-R003 | • docs/clinical-safety: hazards/safety cases.,0,MANUAL_ATOMIC_REVIEW,PENDING_EXPLICIT_APPROVAL
PROD-091-R001,PROD-091,ACTIVE,C2,"• Pregnancy status must be contextual and time-bound, not permanent demographic fact.","ENG-148-R001 | Applicability may depend on age, life stage, pregnancy/context, jurisdiction, problem state, medication, renal/hepatic state, encounter context and time.",0.1738,ENG-074-R005 | • Renal/hepatic/pregnancy rules only from governed content.,0.1685,"ENG-221-R001 | When renal/hepatic function, weight, pregnancy/context, allergy, interaction-relevant medication or other validated dependency changes, recompute only affected medication safety/applicability checks.",0.0818,MANUAL_ATOMIC_REVIEW,PENDING_EXPLICIT_APPROVAL
PROD-091-R002,PROD-091,ACTIVE,C2,• Gestational age/source when applicable.,"ENG-148-R001 | Applicability may depend on age, life stage, pregnancy/context, jurisdiction, problem state, medication, renal/hepatic state, encounter context and time.",0.0967,"ENG-221-R001 | When renal/hepatic function, weight, pregnancy/context, allergy, interaction-relevant medication or other validated dependency changes, recompute only affected medication safety/applicability checks.",0,ENG-221-R002 | Display delta rather than re-alerting unchanged findings.,0,MANUAL_ATOMIC_REVIEW,PENDING_EXPLICIT_APPROVAL
PROD-091-R003,PROD-091,ACTIVE,C2,• Obstetric history structure extensible.,"ENG-221-R001 | When renal/hepatic function, weight, pregnancy/context, allergy, interaction-relevant medication or other validated dependency changes, recompute only affected medication safety/applicability checks.",0,ENG-221-R002 | Display delta rather than re-alerting unchanged findings.,0,ENG-221-R003 | All high-impact medication checks declare algorithm/knowledge versions and missing-data behavior.,0,MANUAL_ATOMIC_REVIEW,PENDING_EXPLICIT_APPROVAL
PROD-091-R004,PROD-091,ACTIVE,C5,• Medication/imaging considerations only activate when relevant.,"ENG-221-R001 | When renal/hepatic function, weight, pregnancy/context, allergy, interaction-relevant medication or other validated dependency changes, recompute only affected medication safety/applicability checks.",0.4359,ENG-074-R001 | • Medication concept/presentation/order not conflated.,0.4,ENG-221-R003 | All high-impact medication checks declare algorithm/knowledge versions and missing-data behavior.,0.3212,CANDIDATE_STRONG,PENDING_EXPLICIT_APPROVAL
PROD-091-R005,PROD-091,ACTIVE,C3,• Privacy policies consider sensitive reproductive information.,"ENG-221-R001 | When renal/hepatic function, weight, pregnancy/context, allergy, interaction-relevant medication or other validated dependency changes, recompute only affected medication safety/applicability checks.",0,ENG-221-R002 | Display delta rather than re-alerting unchanged findings.,0,ENG-221-R003 | All high-impact medication checks declare algorithm/knowledge versions and missing-data behavior.,0,MANUAL_ATOMIC_REVIEW,PENDING_EXPLICIT_APPROVAL
PROD-091-R006,PROD-091,ACTIVE,C2,• No automatic pregnancy inference from unrelated data.,ENG-074-R005 | • Renal/hepatic/pregnancy rules only from governed content.,0.2331,"ENG-148-R001 | Applicability may depend on age, life stage, pregnancy/context, jurisdiction, problem state, medication, renal/hepatic state, encounter context and time.",0.1291,"ENG-221-R001 | When renal/hepatic function, weight, pregnancy/context, allergy, interaction-relevant medication or other validated dependency changes, recompute only affected medication safety/applicability checks.",0.1131,CANDIDATE_MODERATE,PENDING_EXPLICIT_APPROVAL
PROD-092-R001,PROD-092,ACTIVE,C2,• Validated scales can be versioned content with score interpretation.,ENG-074-R004 | • Allergy/interaction/duplicate therapy logic versioned.,0.103,ENG-074-R005 | • Renal/hepatic/pregnancy rules only from governed content.,0.0914,"ENG-092-R001 | • Measure workflow friction using event names/IDs, not raw clinical content.",0.0753,MANUAL_ATOMIC_REVIEW,PENDING_EXPLICIT_APPROVAL
PROD-092-R002,PROD-092,ACTIVE,C4,• Suicide/self-harm safety workflow must be specialty-reviewed and not depend solely on model generation.,ENG-092-R003 | • Clinical safety metrics use structured event references and aggregate reporting.,0.1572,"ENG-221-R001 | When renal/hepatic function, weight, pregnancy/context, allergy, interaction-relevant medication or other validated dependency changes, recompute only affected medication safety/applicability checks.",0.0862,"ENG-092-R001 | • Measure workflow friction using event names/IDs, not raw clinical content.",0.0639,MANUAL_ATOMIC_REVIEW,PENDING_EXPLICIT_APPROVAL
PROD-092-R003,PROD-092,ACTIVE,C5,• Psychiatric medications integrate with Medication OS/monitoring.,ENG-074-R001 | • Medication concept/presentation/order not conflated.,0.4279,"ENG-221-R001 | When renal/hepatic function, weight, pregnancy/context, allergy, interaction-relevant medication or other validated dependency changes, recompute only affected medication safety/applicability checks.",0.3836,ENG-221-R003 | All high-impact medication checks declare algorithm/knowledge versions and missing-data behavior.,0.3436,CANDIDATE_STRONG,PENDING_EXPLICIT_APPROVAL
PROD-092-R004,PROD-092,ACTIVE,C2,• Sensitive notes/access can use stricter policies where legally/organizationally appropriate.,ENG-092-R004 | • Tenant benchmarking requires privacy/contract policy and appropriate aggregation.,0.0579,ENG-092-R003 | • Clinical safety metrics use structured event references and aggregate reporting.,0.0362,"ENG-092-R001 | • Measure workflow friction using event names/IDs, not raw clinical content.",0,MANUAL_ATOMIC_REVIEW,PENDING_EXPLICIT_APPROVAL
PROD-092-R005,PROD-092,ACTIVE,C4,• Do not stigmatize patients with permanent visual danger labels from historical conditions.,"ENG-092-R002 | • No session replay capturing PHI unless explicitly engineered, justified and protected; default is no.",0.0445,ENG-074-R001 | • Medication concept/presentation/order not conflated.,0.0143,"ENG-092-R001 | • Measure workflow friction using event names/IDs, not raw clinical content.",0.014,MANUAL_ATOMIC_REVIEW,PENDING_EXPLICIT_APPROVAL
PROD-094-R001,PROD-094,ACTIVE,C3,• External practitioner/entity can exist without full tenant user account.,ENG-180-R001 | Tenant isolation.,0.4484,ENG-011-R002 | • tenant_id on tenant-scoped tables; compound indexes begin with tenant_id where access pattern requires it.,0.3178,ENG-180-R009 | Idempotent/reconciled external effects.,0.0832,CANDIDATE_STRONG,PENDING_EXPLICIT_APPROVAL
PROD-094-R002,PROD-094,ACTIVE,C2,"• Referral recipient, specialty, reason and requested question are explicit.","ENG-245-R001 | Referral captures reason, urgency, clinical question, relevant evidence, medications, requested output and expected return state.",0.4261,ENG-245-R003 | Referral sent ≠ accepted ≠ completed ≠ reconciled.,0.1723,ENG-180-R001 | Tenant isolation.,0,CANDIDATE_STRONG,PENDING_EXPLICIT_APPROVAL
PROD-094-R003,PROD-094,ACTIVE,C2,• Documents shared use scoped export/share.,ENG-011-R002 | • tenant_id on tenant-scoped tables; compound indexes begin with tenant_id where access pattern requires it.,0.093,ENG-180-R001 | Tenant isolation.,0,ENG-180-R002 | Patient-context binding.,0,MANUAL_ATOMIC_REVIEW,PENDING_EXPLICIT_APPROVAL
PROD-094-R004,PROD-094,ACTIVE,C2,• External report ingestion preserves source identity.,ENG-180-R009 | Idempotent/reconciled external effects.,0.1353,ENG-180-R004 | Provenance preservation.,0.0633,ENG-011-R005 | • Append-only audit/provenance tables logically separated.,0.0384,MANUAL_ATOMIC_REVIEW,PENDING_EXPLICIT_APPROVAL
PROD-094-R005,PROD-094,ACTIVE,C3,"• If consultant becomes tenant member later, historical external identity can be reconciled without changing old provenance.",ENG-180-R001 | Tenant isolation.,0.3788,ENG-011-R002 | • tenant_id on tenant-scoped tables; compound indexes begin with tenant_id where access pattern requires it.,0.2684,ENG-180-R004 | Provenance preservation.,0.2548,CANDIDATE_MODERATE,PENDING_EXPLICIT_APPROVAL
PROD-096-R001,PROD-096,ACTIVE,C2,• Actionable findings can enter registry after clinician validation.,ENG-028-R004 | • Actionable validated finding can create obligation.,0.3061,ENG-073-R005 | • Follow-up recommendation creates obligation only through validated rule/clinician workflow.,0.0545,ENG-028-R005 | • AI imaging intended-use features require regulatory classification and separate validation/QMS path if applicable.,0.0539,CANDIDATE_MODERATE,PENDING_EXPLICIT_APPROVAL
PROD-096-R002,PROD-096,ACTIVE,C2,• Track anatomy/finding/measurement/recommendation/due window.,ENG-073-R004 | • Finding measurement units/axes and comparison semantics explicit.,0.3302,"ENG-028-R002 | • ImagingStudyRef, Report, Finding, Measurement, FollowUpRecommendation.",0.2608,ENG-028-R004 | • Actionable validated finding can create obligation.,0.2056,CANDIDATE_MODERATE,PENDING_EXPLICIT_APPROVAL
PROD-096-R003,PROD-096,ACTIVE,C2,• Link repeat imaging and compare resolution/stability/change.,ENG-028-R005 | • AI imaging intended-use features require regulatory classification and separate validation/QMS path if applicable.,0.0467,"ENG-163-R001 | Obligations may originate from plan, order, result, medication monitoring, referral, preventive care or knowledge artifact.",0.038,ENG-073-R001 | • DICOM identifiers and external PACS references separated from human folios.,0,MANUAL_ATOMIC_REVIEW,PENDING_EXPLICIT_APPROVAL
PROD-096-R004,PROD-096,ACTIVE,C2,• Do not interpret interval growth if measurement methods incompatible without caveat.,ENG-028-R003 | • Longitudinal comparison only when measurement semantics compatible.,0.1743,ENG-073-R004 | • Finding measurement units/axes and comparison semantics explicit.,0.1475,"ENG-028-R002 | • ImagingStudyRef, Report, Finding, Measurement, FollowUpRecommendation.",0.1165,MANUAL_ATOMIC_REVIEW,PENDING_EXPLICIT_APPROVAL
PROD-096-R005,PROD-096,ACTIVE,C5,• Registry view prioritizes overdue follow-up and ownership.,ENG-073-R005 | • Follow-up recommendation creates obligation only through validated rule/clinician workflow.,0.6728,"ENG-163-R003 | Independent reconciler detects results without review/owner, plans without obligations, monitoring without follow-up, failed communications, stuck workflows and stale projections.",0.5197,"ENG-028-R002 | • ImagingStudyRef, Report, Finding, Measurement, FollowUpRecommendation.",0.4157,CANDIDATE_STRONG,PENDING_EXPLICIT_APPROVAL
PROD-097-R001,PROD-097,ACTIVE,C2,• Normalize units only with validated conversions.,"ENG-027-R001 | • Preserve analyte, original name/code, canonical mapping, value, unit, reference interval, method/lab, flags, specimen and status.",0,ENG-027-R002 | • Unit normalization never discards original.,0,ENG-027-R003 | • Delta/trend analysis distinguishes analytic change from clinical interpretation.,0,MANUAL_ATOMIC_REVIEW,PENDING_EXPLICIT_APPROVAL
PROD-097-R002,PROD-097,ACTIVE,C2,• Show original unit/reference alongside normalized value when conversion occurs.,"ENG-027-R001 | • Preserve analyte, original name/code, canonical mapping, value, unit, reference interval, method/lab, flags, specimen and status.",0.255,ENG-027-R002 | • Unit normalization never discards original.,0.2155,ENG-072-R004 | • Reference intervals are source/context aware.,0.1225,CANDIDATE_MODERATE,PENDING_EXPLICIT_APPROVAL
PROD-097-R003,PROD-097,ACTIVE,C2,• Reference ranges can change by lab/method; do not paint historical values using today’s range without context.,"ENG-027-R001 | • Preserve analyte, original name/code, canonical mapping, value, unit, reference interval, method/lab, flags, specimen and status.",0.1972,ENG-072-R004 | • Reference intervals are source/context aware.,0.1491,"ENG-162-R004 | Trend comparability requires compatible analyte, unit, method/context and effective time.",0.1417,MANUAL_ATOMIC_REVIEW,PENDING_EXPLICIT_APPROVAL
PROD-097-R004,PROD-097,ACTIVE,C2,• Trend lines support selectable time windows and events overlays.,"ENG-162-R004 | Trend comparability requires compatible analyte, unit, method/context and effective time.",0.1589,ENG-027-R003 | • Delta/trend analysis distinguishes analytic change from clinical interpretation.,0.1092,ENG-027-R006 | • AI layer separates abnormality → trend → correlation → considerations → limitations; no diagnosis by formatting.,0.0871,MANUAL_ATOMIC_REVIEW,PENDING_EXPLICIT_APPROVAL
PROD-097-R005,PROD-097,ACTIVE,C4,• The physician can pin clinically relevant analytes to a problem space.,"ENG-162-R002 | Corrected/amended result links to prior versions, invalidates dependent derived facts and can reopen review/obligation workflows.",0.0329,"ENG-027-R001 | • Preserve analyte, original name/code, canonical mapping, value, unit, reference interval, method/lab, flags, specimen and status.",0,ENG-027-R002 | • Unit normalization never discards original.,0,MANUAL_ATOMIC_REVIEW,PENDING_EXPLICIT_APPROVAL
PROD-099-R001,PROD-099,ACTIVE,C2,• Product must define what clinician sees during partial outage.,"ENG-099-R004 | • Validation errors have stable machine code, safe clinician-facing message and correlation ID where appropriate.",0.0738,ENG-099-R001 | • Zod or equivalent schema at every external boundary.,0,ENG-099-R002 | • Domain invariants are not duplicated as only client-side schemas.,0,MANUAL_ATOMIC_REVIEW,PENDING_EXPLICIT_APPROVAL
PROD-099-R002,PROD-099,ACTIVE,C2,• Drafts should have local/temporary recovery strategy proportionate to environment.,ENG-055-R004 | • Queued offline/temporary-failure actions show status; do not falsely display “saved”.,0.1521,ENG-311-R003 | Architecture principle: Prevention + Detection + Reconciliation + Recovery.,0.0895,"ENG-099-R004 | • Validation errors have stable machine code, safe clinician-facing message and correlation ID where appropriate.",0.0863,MANUAL_ATOMIC_REVIEW,PENDING_EXPLICIT_APPROVAL
PROD-099-R003,PROD-099,ACTIVE,C2,"• System clearly differentiates saved, pending and failed.",ENG-055-R004 | • Queued offline/temporary-failure actions show status; do not falsely display “saved”.,0.1881,ENG-099-R001 | • Zod or equivalent schema at every external boundary.,0,ENG-099-R002 | • Domain invariants are not duplicated as only client-side schemas.,0,MANUAL_ATOMIC_REVIEW,PENDING_EXPLICIT_APPROVAL
PROD-099-R004,PROD-099,ACTIVE,C2,• No false “saved” state.,ENG-055-R004 | • Queued offline/temporary-failure actions show status; do not falsely display “saved”.,0.2933,"ENG-311-R002 | Reconciliation detects orphan, stale, divergent and impossible states and creates repair work without inventing clinical facts.",0.1697,"ENG-099-R004 | • Validation errors have stable machine code, safe clinician-facing message and correlation ID where appropriate.",0.0432,CANDIDATE_MODERATE,PENDING_EXPLICIT_APPROVAL
PROD-099-R005,PROD-099,ACTIVE,C2,• Read-only emergency access strategy may be considered for enterprise deployment.,ENG-055-R003 | • Downtime read-only/emergency procedures defined for critical access scenarios according to deployment model.,0.4189,ENG-099-R002 | • Domain invariants are not duplicated as only client-side schemas.,0.0633,ENG-099-R001 | • Zod or equivalent schema at every external boundary.,0,CANDIDATE_STRONG,PENDING_EXPLICIT_APPROVAL
PROD-099-R006,PROD-099,ACTIVE,C5,"• After recovery, reconciliation avoids duplicate orders/messages.",ENG-311-R003 | Architecture principle: Prevention + Detection + Reconciliation + Recovery.,0.3723,ENG-055-R005 | • Recovery reconciliation detects duplicated/missed external events.,0.3181,"ENG-311-R001 | Implement continuous and scheduled reconciliation across results, orders, goals, interventions, monitoring, referrals, obligations, documents, projections, audit and external side effects.",0.2429,CANDIDATE_MODERATE,PENDING_EXPLICIT_APPROVAL
PROD-100-R001,PROD-100,ACTIVE,C2,• Separate imported historical data from native verified data.,ENG-085-R002 | • Every imported artifact has source/system/date and confidence/validation state.,0.1747,"ENG-085-R001 | • Import is staged, never direct truth injection.",0,ENG-085-R003 | • Legacy free text remains available while structured extraction is candidate until validated.,0,MANUAL_ATOMIC_REVIEW,PENDING_EXPLICIT_APPROVAL
PROD-100-R002,PROD-100,ACTIVE,C2,• Preserve original documents/files.,"ENG-085-R001 | • Import is staged, never direct truth injection.",0,ENG-085-R002 | • Every imported artifact has source/system/date and confidence/validation state.,0,ENG-085-R003 | • Legacy free text remains available while structured extraction is candidate until validated.,0,MANUAL_ATOMIC_REVIEW,PENDING_EXPLICIT_APPROVAL
PROD-100-R003,PROD-100,ACTIVE,C5,• Map problems/meds/allergies through reconciliation queue.,ENG-073-R005 | • Follow-up recommendation creates obligation only through validated rule/clinician workflow.,0.296,"ENG-085-R001 | • Import is staged, never direct truth injection.",0,ENG-085-R002 | • Every imported artifact has source/system/date and confidence/validation state.,0,CANDIDATE_MODERATE,PENDING_EXPLICIT_APPROVAL
PROD-100-R004,PROD-100,ACTIVE,C5,• Do not automatically treat every legacy diagnosis as active.,ENG-085-R006 | • Do not fabricate missing provenance from legacy data.,0.2641,ENG-085-R003 | • Legacy free text remains available while structured extraction is candidate until validated.,0.2195,ENG-073-R006 | • Any diagnostic AI feature gets intended-use/regulatory review before code path activation.,0.1094,CANDIDATE_MODERATE,PENDING_EXPLICIT_APPROVAL
PROD-100-R005,PROD-100,ACTIVE,C2,• Bulk import quality report.,"ENG-085-R001 | • Import is staged, never direct truth injection.",0.2504,ENG-085-R004 | • Patient matching before import has manual resolution for ambiguity.,0.2378,ENG-073-R003 | • Report amendments preserved.,0.2166,CANDIDATE_MODERATE,PENDING_EXPLICIT_APPROVAL
PROD-100-R006,PROD-100,ACTIVE,C4,• Patient merge/dedup before clinical go-live.,ENG-085-R004 | • Patient matching before import has manual resolution for ambiguity.,0.0834,ENG-073-R006 | • Any diagnostic AI feature gets intended-use/regulatory review before code path activation.,0.0645,"ENG-085-R001 | • Import is staged, never direct truth injection.",0,MANUAL_ATOMIC_REVIEW,PENDING_EXPLICIT_APPROVAL
PROD-100-R007,PROD-100,ACTIVE,C2,• Legal retention/source metadata preserved where available.,ENG-073-R003 | • Report amendments preserved.,0.2904,ENG-085-R003 | • Legacy free text remains available while structured extraction is candidate until validated.,0.1443,ENG-085-R002 | • Every imported artifact has source/system/date and confidence/validation state.,0.0415,CANDIDATE_MODERATE,PENDING_EXPLICIT_APPROVAL
PROD-101-R001,PROD-101,ACTIVE,C4,• One patient identity can span facilities within tenant policy.,ENG-011-R002 | • tenant_id on tenant-scoped tables; compound indexes begin with tenant_id where access pattern requires it.,0.4042,ENG-086-R002 | • Policy scope can bind facility/team/purpose without forking schema.,0.0864,ENG-086-R004 | • SSO/SCIM or enterprise IAM adapters added behind identity boundary when demanded.,0.0534,CANDIDATE_STRONG,PENDING_EXPLICIT_APPROVAL
PROD-101-R002,PROD-101,ACTIVE,C2,"• Facility-specific schedules, addresses, branding, resources and local identifiers.",ENG-086-R001 | • Facility hierarchy and memberships from start.,0.1435,ENG-086-R002 | • Policy scope can bind facility/team/purpose without forking schema.,0.1138,ENG-101-R001 | • Use version/ETag/expectedVersion on clinician-edited aggregates.,0,MANUAL_ATOMIC_REVIEW,PENDING_EXPLICIT_APPROVAL
PROD-101-R003,PROD-101,ACTIVE,C2,• Clinician membership and access scopes differ by facility.,ENG-086-R001 | • Facility hierarchy and memberships from start.,0.1744,ENG-086-R002 | • Policy scope can bind facility/team/purpose without forking schema.,0.1383,ENG-011-R004 | • Optimistic concurrency for clinician-edited aggregates.,0.0806,MANUAL_ATOMIC_REVIEW,PENDING_EXPLICIT_APPROVAL
PROD-101-R004,PROD-101,ACTIVE,C3,• Country pack may be tenant-level or organization-level depending deployment.,ENG-011-R002 | • tenant_id on tenant-scoped tables; compound indexes begin with tenant_id where access pattern requires it.,0.3837,ENG-101-R001 | • Use version/ETag/expectedVersion on clinician-edited aggregates.,0,ENG-101-R002 | • A stale edit never silently overwrites newer clinical data.,0,CANDIDATE_STRONG,PENDING_EXPLICIT_APPROVAL
PROD-101-R005,PROD-101,ACTIVE,C4,• Clinical core avoids accidental duplicate charts per branch.,ENG-101-R001 | • Use version/ETag/expectedVersion on clinician-edited aggregates.,0,ENG-101-R002 | • A stale edit never silently overwrites newer clinical data.,0,ENG-101-R003 | • Conflict UI shows “what changed since you opened this” for clinically meaningful collisions.,0,MANUAL_ATOMIC_REVIEW,PENDING_EXPLICIT_APPROVAL
PROD-103-R001,PROD-103,ACTIVE,C4,• Draft → specialist review → clinical safety review → approved → staged → active → deprecated/retired.,ENG-062-R012 | • Does it need clinical safety case update?,0.2029,ENG-030-R004 | • Expired/superseded content remains reproducible for historical encounter review.,0.0792,ENG-103-R001 | • Payload minimizes PHI.,0,MANUAL_ATOMIC_REVIEW,PENDING_EXPLICIT_APPROVAL
PROD-103-R002,PROD-103,ACTIVE,C2,• Every active rule knows content version and effective date.,ENG-030-R002 | • Every high-impact rule has source/effective date/reviewer/test cases.,0.3684,ENG-062-R007 | • Does it alter clinical content version?,0.2281,ENG-030-R001 | • Content has separate release/version lifecycle from application code.,0.1679,CANDIDATE_MODERATE,PENDING_EXPLICIT_APPROVAL
PROD-103-R003,PROD-103,ACTIVE,C2,• Emergency rollback of harmful rule without full app rollback.,ENG-062-R010 | • Does rollback exist?,0.2893,ENG-030-R002 | • Every high-impact rule has source/effective date/reviewer/test cases.,0.0766,ENG-103-R001 | • Payload minimizes PHI.,0,CANDIDATE_MODERATE,PENDING_EXPLICIT_APPROVAL
PROD-103-R004,PROD-103,ACTIVE,C2,• Historical encounters retain which content version was active.,ENG-062-R007 | • Does it alter clinical content version?,0.2256,ENG-030-R004 | • Expired/superseded content remains reproducible for historical encounter review.,0.1751,ENG-030-R001 | • Content has separate release/version lifecycle from application code.,0.1661,CANDIDATE_MODERATE,PENDING_EXPLICIT_APPROVAL
PROD-103-R005,PROD-103,ACTIVE,C2,"• Source update triggers impact review, not automatic rule change.",ENG-030-R002 | • Every high-impact rule has source/effective date/reviewer/test cases.,0.4058,ENG-062-R005 | • Does it change signed content behavior?,0.1354,ENG-062-R002 | • Can it change clinical state?,0.1309,CANDIDATE_STRONG,PENDING_EXPLICIT_APPROVAL
PROD-104-R001,PROD-104,ACTIVE,C4,"• Every alert has owner, clinical rationale, target population, severity, expected action and sunset/review date.","ENG-046-R001 | • Alert must have clinical purpose, severity, action and expiration/suppression logic.",0.2459,ENG-046-R004 | • Alert Governance Board reviews high-volume or low-value alerts.,0.0809,"ENG-250-R002 | Telemetry may open governance hypotheses: poor applicability, alert burden, workflow friction, model drift or knowledge gaps.",0.065,CANDIDATE_MODERATE,PENDING_EXPLICIT_APPROVAL
PROD-104-R002,PROD-104,ACTIVE,C2,"• Measure firing rate, action rate, override rate, time-to-action and reported burden.","ENG-046-R003 | • Measure display→action/override/dismiss, downstream outcome proxy and burden.",0.3685,"ENG-250-R004 | Clinician override is evidence for review, not automatic proof that a rule is wrong.",0.1065,"ENG-046-R001 | • Alert must have clinical purpose, severity, action and expiration/suppression logic.",0.0997,CANDIDATE_MODERATE,PENDING_EXPLICIT_APPROVAL
PROD-104-R003,PROD-104,ACTIVE,C4,"• High override rate triggers review, not assumption physicians are wrong.","ENG-250-R004 | Clinician override is evidence for review, not automatic proof that a rule is wrong.",0.3077,ENG-046-R002 | • Critical is rare and blocks only when justified; Important requires explicit review/override; Consider is non-interruptive; Info is ambient.,0.1157,"ENG-046-R003 | • Measure display→action/override/dismiss, downstream outcome proxy and burden.",0.1018,CANDIDATE_MODERATE,PENDING_EXPLICIT_APPROVAL
PROD-104-R004,PROD-104,ACTIVE,C2,• No new interruptive alert without human-factors review.,ENG-046-R002 | • Critical is rare and blocks only when justified; Important requires explicit review/override; Consider is non-interruptive; Info is ambient.,0.2671,"ENG-046-R001 | • Alert must have clinical purpose, severity, action and expiration/suppression logic.",0.1229,ENG-046-R004 | • Alert Governance Board reviews high-volume or low-value alerts.,0.1142,CANDIDATE_MODERATE,PENDING_EXPLICIT_APPROVAL
PROD-106-R001,PROD-106,ACTIVE,C2,"• Use language such as “consider”, “possible”, “not documented” according to certainty.","ENG-096-R001 | Standards/regulatory references are baselines for engineering. Applicability, certification and legal interpretation must be revalidated for the actual product scope, intended use and release date.",0.03,ENG-106-R001 | • Start with Postgres search/trigram capabilities where scale allows; introduce external search only when measured requirements justify it.,0,ENG-106-R002 | • External index is eventually consistent and never authorization authority.,0,MANUAL_ATOMIC_REVIEW,PENDING_EXPLICIT_APPROVAL
PROD-106-R002,PROD-106,ACTIVE,C2,• Never fabricate source citations.,ENG-106-R002 | • External index is eventually consistent and never authorization authority.,0.0692,ENG-106-R001 | • Start with Postgres search/trigram capabilities where scale allows; introduce external search only when measured requirements justify it.,0,"ENG-106-R003 | • Indexed PHI requires encrypted transport/storage, tenant segregation and deletion/reindex workflows.",0,MANUAL_ATOMIC_REVIEW,PENDING_EXPLICIT_APPROVAL
PROD-106-R003,PROD-106,ACTIVE,C4,• Show patient facts separately from model interpretation.,ENG-106-R004 | • Global search returns minimal identifying data necessary for safe selection; patient chart search is separately authorized.,0.1331,"ENG-096-R001 | Standards/regulatory references are baselines for engineering. Applicability, certification and legal interpretation must be revalidated for the actual product scope, intended use and release date.",0.1305,ENG-106-R001 | • Start with Postgres search/trigram capabilities where scale allows; introduce external search only when measured requirements justify it.,0,MANUAL_ATOMIC_REVIEW,PENDING_EXPLICIT_APPROVAL
PROD-106-R004,PROD-106,ACTIVE,C2,"• If the model used incomplete chart scope, disclose scope.","ENG-096-R001 | Standards/regulatory references are baselines for engineering. Applicability, certification and legal interpretation must be revalidated for the actual product scope, intended use and release date.",0.1236,ENG-106-R004 | • Global search returns minimal identifying data necessary for safe selection; patient chart search is separately authorized.,0.0764,ENG-106-R001 | • Start with Postgres search/trigram capabilities where scale allows; introduce external search only when measured requirements justify it.,0,MANUAL_ATOMIC_REVIEW,PENDING_EXPLICIT_APPROVAL
PROD-106-R005,PROD-106,ACTIVE,C4,• Physician can inspect supporting patient data with one action.,ENG-106-R001 | • Start with Postgres search/trigram capabilities where scale allows; introduce external search only when measured requirements justify it.,0,ENG-106-R002 | • External index is eventually consistent and never authorization authority.,0,"ENG-106-R003 | • Indexed PHI requires encrypted transport/storage, tenant segregation and deletion/reindex workflows.",0,MANUAL_ATOMIC_REVIEW,PENDING_EXPLICIT_APPROVAL
PROD-106-R006,PROD-106,ACTIVE,C2,• Rejected suggestions inform evals without coercive re-prompting.,ENG-106-R001 | • Start with Postgres search/trigram capabilities where scale allows; introduce external search only when measured requirements justify it.,0,ENG-106-R002 | • External index is eventually consistent and never authorization authority.,0,"ENG-106-R003 | • Indexed PHI requires encrypted transport/storage, tenant segregation and deletion/reindex workflows.",0,MANUAL_ATOMIC_REVIEW,PENDING_EXPLICIT_APPROVAL
PROD-109-R001,PROD-109,ACTIVE,C4,• Representative physicians across novice/expert and specialties.,"ENG-163-R001 | Obligations may originate from plan, order, result, medication monitoring, referral, preventive care or knowledge artifact.",0,"ENG-163-R002 | Every obligation has owner, due state, source, escalation, completion evidence and lifecycle.",0,"ENG-163-R003 | Independent reconciler detects results without review/owner, plans without obligations, monitoring without follow-up, failed communications, stuck workflows and stale projections.",0,MANUAL_ATOMIC_REVIEW,PENDING_EXPLICIT_APPROVAL
PROD-109-R002,PROD-109,ACTIVE,C2,"• Scenarios use realistic complexity, not toy records.","ENG-163-R001 | Obligations may originate from plan, order, result, medication monitoring, referral, preventive care or knowledge artifact.",0,"ENG-163-R002 | Every obligation has owner, due state, source, escalation, completion evidence and lifecycle.",0,"ENG-163-R003 | Independent reconciler detects results without review/owner, plans without obligations, monitoring without follow-up, failed communications, stuck workflows and stale projections.",0,MANUAL_ATOMIC_REVIEW,PENDING_EXPLICIT_APPROVAL
PROD-109-R003,PROD-109,ACTIVE,C4,"• Measure completion, time, errors, navigation reversals, subjective load and safety observations.","ENG-045-R003 | • Safety control types: preventive, detective, recovery.",0.1496,ENG-045-R001 | • Hazard log per feature/workflow; safety case for high-impact functions.,0.1461,ENG-045-R005 | • Safety signal telemetry after release; rollback/disable via feature flag when appropriate.,0.1243,MANUAL_ATOMIC_REVIEW,PENDING_EXPLICIT_APPROVAL
PROD-109-R004,PROD-109,ACTIVE,C2,• Test desktop and iPad independently.,"ENG-163-R001 | Obligations may originate from plan, order, result, medication monitoring, referral, preventive care or knowledge artifact.",0,"ENG-163-R002 | Every obligation has owner, due state, source, escalation, completion evidence and lifecycle.",0,"ENG-163-R003 | Independent reconciler detects results without review/owner, plans without obligations, monitoring without follow-up, failed communications, stuck workflows and stale projections.",0,MANUAL_ATOMIC_REVIEW,PENDING_EXPLICIT_APPROVAL
PROD-109-R005,PROD-109,ACTIVE,C5,"• Critical workflows include wrong-patient, result follow-up, medication override and note amendment.","ENG-045-R004 | • Wrong-patient, result follow-up, ordering, medication, alert fatigue, duplicate patient and downtime are mandatory hazard families.",0.7163,"ENG-293-R002 | Medication/Orders/Results/Follow-up team owns Plan Compiler, Expected Result and Treatment Response integration.",0.6965,"ENG-163-R003 | Independent reconciler detects results without review/owner, plans without obligations, monitoring without follow-up, failed communications, stuck workflows and stale projections.",0.5543,CANDIDATE_STRONG,PENDING_EXPLICIT_APPROVAL
PROD-109-R006,PROD-109,ACTIVE,C2,• A visually attractive interface that increases error rate fails V2 acceptance.,"ENG-163-R001 | Obligations may originate from plan, order, result, medication monitoring, referral, preventive care or knowledge artifact.",0,"ENG-163-R002 | Every obligation has owner, due state, source, escalation, completion evidence and lifecycle.",0,"ENG-163-R003 | Independent reconciler detects results without review/owner, plans without obligations, monitoring without follow-up, failed communications, stuck workflows and stale projections.",0,MANUAL_ATOMIC_REVIEW,PENDING_EXPLICIT_APPROVAL
PROD-110-R001,PROD-110,ACTIVE,C4,• Synthetic and de-identified scenario sets before patient pilots.,ENG-110-R001 | • Support integration via QIDO-RS/WADO-RS/STOW-RS where the external PACS profile permits; exact capabilities negotiated per provider.,0,ENG-110-R002 | • Never proxy huge pixel datasets through generic Next.js route if dedicated streaming/object/PACS path is required.,0,"ENG-110-R003 | • DICOM patient identifiers are reconciled through integration mapping, not assumed globally unique.",0,MANUAL_ATOMIC_REVIEW,PENDING_EXPLICIT_APPROVAL
PROD-110-R002,PROD-110,ACTIVE,C2,"• Cases include benign, ambiguous, urgent, multimorbid and conflicting data.",ENG-110-R001 | • Support integration via QIDO-RS/WADO-RS/STOW-RS where the external PACS profile permits; exact capabilities negotiated per provider.,0,ENG-110-R002 | • Never proxy huge pixel datasets through generic Next.js route if dedicated streaming/object/PACS path is required.,0,"ENG-110-R003 | • DICOM patient identifiers are reconciled through integration mapping, not assumed globally unique.",0,MANUAL_ATOMIC_REVIEW,PENDING_EXPLICIT_APPROVAL
PROD-110-R003,PROD-110,ACTIVE,C2,• Assess false negatives as well as false positives.,ENG-110-R001 | • Support integration via QIDO-RS/WADO-RS/STOW-RS where the external PACS profile permits; exact capabilities negotiated per provider.,0,ENG-110-R002 | • Never proxy huge pixel datasets through generic Next.js route if dedicated streaming/object/PACS path is required.,0,"ENG-110-R003 | • DICOM patient identifiers are reconciled through integration mapping, not assumed globally unique.",0,MANUAL_ATOMIC_REVIEW,PENDING_EXPLICIT_APPROVAL
PROD-110-R004,PROD-110,ACTIVE,C4,• Clinical intelligence rules need expected-output regression cases.,"ENG-170-R001 | Desktop baseline: persistent patient identity/state rail, central Clinical Workspace, contextual Intelligence Rail.",0.2217,ENG-170-R002 | Priority: patient identity → immediate safety → current task → current state → pending obligations/results → supporting history → AI/secondary intelligence.,0.2175,ENG-110-R004 | • DICOM metadata can contain PHI; logging/redaction rules apply.,0.0828,CANDIDATE_MODERATE,PENDING_EXPLICIT_APPROVAL
PROD-110-R005,PROD-110,ACTIVE,C5,"• AI tasks validated per task, not by generic model benchmark score.",ENG-110-R002 | • Never proxy huge pixel datasets through generic Next.js route if dedicated streaming/object/PACS path is required.,0.0939,ENG-170-R003 | AI cannot dominate or obscure the physician’s primary task.,0.0936,ENG-110-R001 | • Support integration via QIDO-RS/WADO-RS/STOW-RS where the external PACS profile permits; exact capabilities negotiated per provider.,0.0735,MANUAL_ATOMIC_REVIEW,PENDING_EXPLICIT_APPROVAL
PROD-110-R006,PROD-110,ACTIVE,C2,• Pilot releases begin in shadow/advisory mode for higher-risk intelligence.,"ENG-170-R001 | Desktop baseline: persistent patient identity/state rail, central Clinical Workspace, contextual Intelligence Rail.",0.1703,ENG-170-R002 | Priority: patient identity → immediate safety → current task → current state → pending obligations/results → supporting history → AI/secondary intelligence.,0.1671,ENG-110-R001 | • Support integration via QIDO-RS/WADO-RS/STOW-RS where the external PACS profile permits; exact capabilities negotiated per provider.,0,MANUAL_ATOMIC_REVIEW,PENDING_EXPLICIT_APPROVAL
PROD-111-R001,PROD-111,ACTIVE,C4,V2 defines what product evidence must exist; V2.1 defines how it is generated.,"ENG-133-R002 | This amendment does not claim that Medical OS is perfect, clinically validated, certified, compliant, or safe for unrestricted production. It defines additional engineering obligations required before those claims could ",0.1612,ENG-133-R001 | This amendment promotes the architecture discoveries from the Agent Execution Companion into the authoritative engineering specification. V2 remains the frozen product/clinical WHAT. V2.1.1 remains the engineering HOW. T,0.1307,ENG-133-R003 | Source hierarchy: V2 product/clinical specification → V2.1.1 engineering specification → scoped agent execution instructions → code/tests/evidence.,0.0377,MANUAL_ATOMIC_REVIEW,PENDING_EXPLICIT_APPROVAL
PROD-113-R001,PROD-113,ACTIVE,C2,MEDICAL OS · V2.0.1,ENG-113-R001 | • Lockfile mandatory; dependency versions controlled.,0,ENG-113-R002 | • SBOM generated for release candidate.,0,ENG-113-R003 | • CVE/dependency alerts triaged by exploitability and clinical exposure.,0,MANUAL_ATOMIC_REVIEW,PENDING_EXPLICIT_APPROVAL
PROD-113-R002,PROD-113,ACTIVE,C4,PRODUCT & CLINICAL COMPLETENESS SPECIFICATION,ENG-113-R001 | • Lockfile mandatory; dependency versions controlled.,0,ENG-113-R002 | • SBOM generated for release candidate.,0,ENG-113-R003 | • CVE/dependency alerts triaged by exploitability and clinical exposure.,0,MANUAL_ATOMIC_REVIEW,PENDING_EXPLICIT_APPROVAL
PROD-113-R003,PROD-113,ACTIVE,C4,V2.0.1 is a governed product/clinical completeness revision of the frozen V2 baseline. It promotes physician-visible product capabilities discovered during V2.1.1 Formal Clinical Architecture work. It defines WHAT Medical OS must mean and do for clinicians and patients; implementation mechanics remain authority of V2.1.1.,ENG-113-R001 | • Lockfile mandatory; dependency versions controlled.,0,ENG-113-R002 | • SBOM generated for release candidate.,0,ENG-113-R003 | • CVE/dependency alerts triaged by exploitability and clinical exposure.,0,MANUAL_ATOMIC_REVIEW,PENDING_EXPLICIT_APPROVAL
PROD-114-R001,PROD-114,ACTIVE,C4,"Medical OS shall represent not only recorded data but what is known, unknown, changing, intended, expected, decided, done, observed and still owed for the patient.","ENG-299-R001 | Medical OS shall preserve a computable representation of what is known, unknown, changing, intended, expected, decided, done, observed and still owed for a patient.",0.8062,ENG-226-R003 | Store uncertainty rationale and what evidence could resolve it when explicitly known.,0.1352,ENG-212-R002 | The core loop is Patient State → Intent → Goals → Problems/Hypotheses → Evidence/Uncertainty → Decision → Intervention → Expected Result → Observed Result → Treatment Response → Reassessment → Obligation.,0.0916,CANDIDATE_STRONG,PENDING_EXPLICIT_APPROVAL
PROD-114-R002,PROD-114,ACTIVE,C4,Medical OS must increase clinical capacity without replacing professional judgment.,ENG-299-R004 | The physician remains final authority for clinically consequential judgment under the defined intended use.,0.2171,"ENG-299-R001 | Medical OS shall preserve a computable representation of what is known, unknown, changing, intended, expected, decided, done, observed and still owed for a patient.",0,ENG-299-R002 | The platform shall prefer explicit state and closed loops over narrative inference.,0,MANUAL_ATOMIC_REVIEW,PENDING_EXPLICIT_APPROVAL
PROD-114-R003,PROD-114,ACTIVE,C4,Product behavior must prefer explicit uncertainty and traceable clinical state over false certainty or opaque automation.,ENG-299-R002 | The platform shall prefer explicit state and closed loops over narrative inference.,0.3374,ENG-226-R003 | Store uncertainty rationale and what evidence could resolve it when explicitly known.,0.2673,ENG-212-R002 | The core loop is Patient State → Intent → Goals → Problems/Hypotheses → Evidence/Uncertainty → Decision → Intervention → Expected Result → Observed Result → Treatment Response → Reassessment → Obligation.,0.2637,CANDIDATE_MODERATE,PENDING_EXPLICIT_APPROVAL
PROD-115-R001,PROD-115,ACTIVE,C2,Decision Once → Propagate Everywhere: an approved plan should generate its necessary downstream work without repetitive re-entry.,"ENG-226-R001 | Uncertainty is first-class and can attach to hypothesis, diagnosis, fact, decision, expected result or response.",0.046,"ENG-324-R001 | Design System MUST visually distinguish observed/verified, patient-reported, imported, derived, suggested, unverified, pending and conflicting information.",0,ENG-324-R002 | AI suggestions MUST NOT share the same visual authority as verified clinical results/physician decisions.,0,MANUAL_ATOMIC_REVIEW,PENDING_EXPLICIT_APPROVAL
PROD-115-R002,PROD-115,ACTIVE,C4,"Clinical Truthfulness: patient-reported, imported, derived, AI-suggested, unverified and clinician-verified information must not be presented as equivalent authority.","ENG-324-R001 | Design System MUST visually distinguish observed/verified, patient-reported, imported, derived, suggested, unverified, pending and conflicting information.",0.4633,"ENG-259-R001 | Every new domain primitive defines behavior for unknown, unverified, conflicting, pending, not-assessed and not-applicable states where semantically relevant.",0.092,ENG-324-R002 | AI suggestions MUST NOT share the same visual authority as verified clinical results/physician decisions.,0.0824,CANDIDATE_STRONG,PENDING_EXPLICIT_APPROVAL
PROD-115-R003,PROD-115,ACTIVE,C4,"Explicit Uncertainty: UNKNOWN, PENDING, CONFLICTING, UNVERIFIED, NOT_ASSESSED and NOT_APPLICABLE are legitimate product states.","ENG-226-R002 | States distinguish unknown, uncertain, conflicting, pending, not-assessed and not-applicable.",0.7175,"ENG-259-R001 | Every new domain primitive defines behavior for unknown, unverified, conflicting, pending, not-assessed and not-applicable states where semantically relevant.",0.5816,ENG-226-R003 | Store uncertainty rationale and what evidence could resolve it when explicitly known.,0.2704,CANDIDATE_STRONG,PENDING_EXPLICIT_APPROVAL
PROD-116-R001,PROD-116,ACTIVE,C5,"Patient State evolves into a computable longitudinal representation composed from current state, historical state, clinical delta, trajectories, problems, hypotheses, evidence, uncertainty, contradictions, intent, goals, decisions, interventions, expected/observed results, treatment response, medications, episodes, preferences, risks, care gaps, obligations and provenance.","ENG-213-R001 | Extend Patient State to include current state, historical state, delta, trajectory, episodes, problems, hypotheses, evidence, uncertainty, goals, intent, interventions, treatment responses, medications, diagnostics, pref",0.7962,ENG-212-R002 | The core loop is Patient State → Intent → Goals → Problems/Hypotheses → Evidence/Uncertainty → Decision → Intervention → Expected Result → Observed Result → Treatment Response → Reassessment → Obligation.,0.495,"ENG-241-R001 | Patient Digital Twin is the composed longitudinal experience over Patient State, Graph, Delta, Trajectory, Intent, Goals, Hypotheses, Interventions, Responses and Obligations.",0.3973,CANDIDATE_STRONG,PENDING_EXPLICIT_APPROVAL
PROD-116-R002,PROD-116,ACTIVE,C4,The physician must be able to understand the clinically relevant state in seconds and drill to source evidence.,"ENG-213-R003 | Every state projection exposes as-of time/version, freshness, completeness, degraded dependencies and provenance.",0.181,"ENG-213-R001 | Extend Patient State to include current state, historical state, delta, trajectory, episodes, problems, hypotheses, evidence, uncertainty, goals, intent, interventions, treatment responses, medications, diagnostics, pref",0.1671,ENG-212-R002 | The core loop is Patient State → Intent → Goals → Problems/Hypotheses → Evidence/Uncertainty → Decision → Intervention → Expected Result → Observed Result → Treatment Response → Reassessment → Obligation.,0.1268,MANUAL_ATOMIC_REVIEW,PENDING_EXPLICIT_APPROVAL
PROD-116-R003,PROD-116,ACTIVE,C4,"Patient Computable State is an experience/composition, not a claim of complete physiological simulation.",ENG-241-R002 | It is not a claim of complete physiological simulation or future prediction.,0.5906,"ENG-241-R001 | Patient Digital Twin is the composed longitudinal experience over Patient State, Graph, Delta, Trajectory, Intent, Goals, Hypotheses, Interventions, Responses and Obligations.",0.2032,"ENG-213-R003 | Every state projection exposes as-of time/version, freshness, completeness, degraded dependencies and provenance.",0.1459,CANDIDATE_STRONG,PENDING_EXPLICIT_APPROVAL
PROD-117-R001,PROD-117,ACTIVE,C4,Patient Digital Twin is the longitudinal product experience built over Patient Computable State and its relationships.,"ENG-241-R001 | Patient Digital Twin is the composed longitudinal experience over Patient State, Graph, Delta, Trajectory, Intent, Goals, Hypotheses, Interventions, Responses and Obligations.",0.4762,"ENG-213-R002 | Implement as composable domain objects/read models, never as one patient_digital_twin mega-table.",0.2045,ENG-117-R003 | • Exhaustive switch on state machines using never assertion.,0.1625,CANDIDATE_STRONG,PENDING_EXPLICIT_APPROVAL
PROD-117-R002,PROD-117,ACTIVE,C2,It may support simulation only when a separately validated capability exists.,ENG-241-R003 | Simulation/prediction modules are separately versioned capabilities with explicit uncertainty and validation.,0.3049,ENG-241-R002 | It is not a claim of complete physiological simulation or future prediction.,0.2264,"ENG-241-R001 | Patient Digital Twin is the composed longitudinal experience over Patient State, Graph, Delta, Trajectory, Intent, Goals, Hypotheses, Interventions, Responses and Obligations.",0,CANDIDATE_MODERATE,PENDING_EXPLICIT_APPROVAL
PROD-117-R003,PROD-117,ACTIVE,C4,Medical OS must never imply that the Digital Twin predicts the patient's biological future with certainty.,"ENG-213-R002 | Implement as composable domain objects/read models, never as one patient_digital_twin mega-table.",0.2453,"ENG-241-R001 | Patient Digital Twin is the composed longitudinal experience over Patient State, Graph, Delta, Trajectory, Intent, Goals, Hypotheses, Interventions, Responses and Obligations.",0.1815,ENG-241-R002 | It is not a claim of complete physiological simulation or future prediction.,0.0897,CANDIDATE_MODERATE,PENDING_EXPLICIT_APPROVAL
PROD-118-R001,PROD-118,ACTIVE,C5,"Medical OS should preserve why a clinically meaningful action is being performed when that intent matters for continuity, reasoning or follow-up.",ENG-290-R003 | Plan compile: create prescription/order/monitoring/follow-up without re-entry.,0.5837,ENG-290-R007 | Patient loop: action plan → barrier/comprehension → routed follow-up.,0.575,ENG-218-R003 | Unknown response remains UNKNOWN; missing follow-up cannot become treatment failure or success.,0.5253,CANDIDATE_STRONG,PENDING_EXPLICIT_APPROVAL
PROD-118-R002,PROD-118,ACTIVE,C2,"Intent may connect a problem, goal, decision, order, intervention, monitoring action or referral.","ENG-163-R001 | Obligations may originate from plan, order, result, medication monitoring, referral, preventive care or knowledge artifact.",0.2169,ENG-218-R001 | Link Goal → Intervention → Expected Result → Observed Result → Treatment Response → Reassessment.,0.2103,ENG-290-R006 | Referral loop: question → specialist response → reconciliation.,0.1414,MANUAL_ATOMIC_REVIEW,PENDING_EXPLICIT_APPROVAL
PROD-118-R003,PROD-118,ACTIVE,C4,"AI may suggest intent, but the physician remains authority for clinically consequential intent.","ENG-290-R002 | Encounter: capture intent/goals, reason through hypothesis/evidence/uncertainty and approve plan.",0.169,ENG-218-R003 | Unknown response remains UNKNOWN; missing follow-up cannot become treatment failure or success.,0.0483,ENG-290-R001 | Pre-visit: identify meaningful delta and pending obligations.,0,MANUAL_ATOMIC_REVIEW,PENDING_EXPLICIT_APPROVAL
PROD-119-R001,PROD-119,ACTIVE,C4,"Physicians can represent individualized clinical goals, targets or desired outcomes with horizon and monitoring context.","ENG-215-R001 | ClinicalGoal represents desired clinical outcome, target semantics, measurement method, horizon, owner, lifecycle and relationship to problems/interventions.",0.2585,"ENG-215-R003 | Goal evaluation distinguishes population guideline target, individualized target and patient preference.",0.1596,"ENG-268-R001 | Knowledge artifacts may define recommended goals, monitoring, expected follow-up intervals, evidence requirements and care-plan relationships.",0.1103,CANDIDATE_MODERATE,PENDING_EXPLICIT_APPROVAL
PROD-119-R002,PROD-119,ACTIVE,C2,Goals remain longitudinal across encounters and are not automatically closed when an encounter ends.,ENG-215-R004 | Goal closure requires evidence or explicit clinician action; encounter closure cannot auto-close a longitudinal goal.,0.1223,ENG-268-R002 | Recommendations remain context/jurisdiction/version dependent.,0.0969,"ENG-268-R001 | Knowledge artifacts may define recommended goals, monitoring, expected follow-up intervals, evidence requirements and care-plan relationships.",0.0851,MANUAL_ATOMIC_REVIEW,PENDING_EXPLICIT_APPROVAL
PROD-119-R003,PROD-119,ACTIVE,C4,Medical OS distinguishes guideline/population targets from individualized clinician/patient goals.,"ENG-215-R003 | Goal evaluation distinguishes population guideline target, individualized target and patient preference.",0.5448,"ENG-268-R001 | Knowledge artifacts may define recommended goals, monitoring, expected follow-up intervals, evidence requirements and care-plan relationships.",0.0942,ENG-215-R004 | Goal closure requires evidence or explicit clinician action; encounter closure cannot auto-close a longitudinal goal.,0.0591,CANDIDATE_STRONG,PENDING_EXPLICIT_APPROVAL
PROD-120-R001,PROD-120,ACTIVE,C5,"After physician approval, Medical OS may translate one clinical plan into the appropriate prescriptions, orders, monitoring, expected results, obligations, referrals, follow-up and patient instructions.","ENG-216-R001 | Compile an approved clinical plan into typed downstream work: prescription candidates, orders, monitoring requirements, expected results, obligations, referrals, follow-up, patient instructions and communications.",0.7464,ENG-290-R003 | Plan compile: create prescription/order/monitoring/follow-up without re-entry.,0.6168,"ENG-163-R003 | Independent reconciler detects results without review/owner, plans without obligations, monitoring without follow-up, failed communications, stuck workflows and stale projections.",0.5676,CANDIDATE_STRONG,PENDING_EXPLICIT_APPROVAL
PROD-120-R002,PROD-120,ACTIVE,C4,The physician sees and controls clinically consequential outputs before commitment.,ENG-216-R003 | Compilation produces a preview/diff before physician commit for clinically consequential outputs.,0.3443,"ENG-216-R001 | Compile an approved clinical plan into typed downstream work: prescription candidates, orders, monitoring requirements, expected results, obligations, referrals, follow-up, patient instructions and communications.",0,ENG-216-R002 | Decision Once → Propagate Everywhere is a target invariant.,0,CANDIDATE_MODERATE,PENDING_EXPLICIT_APPROVAL
PROD-120-R003,PROD-120,ACTIVE,C2,Partial failure must be visible and recoverable; the system cannot pretend the whole plan succeeded.,"ENG-216-R004 | Partial compilation failure is explicit; successfully created children and failed children are reconciled, never silently orphaned.",0.106,"ENG-290-R002 | Encounter: capture intent/goals, reason through hypothesis/evidence/uncertainty and approve plan.",0.0681,"ENG-163-R001 | Obligations may originate from plan, order, result, medication monitoring, referral, preventive care or knowledge artifact.",0.0625,MANUAL_ATOMIC_REVIEW,PENDING_EXPLICIT_APPROVAL
PROD-121-R001,PROD-121,ACTIVE,C5,"When clinically appropriate, an order/monitoring action may carry an expected result/artifact, expected time window, responsible reviewer and follow-up behavior.","ENG-163-R003 | Independent reconciler detects results without review/owner, plans without obligations, monitoring without follow-up, failed communications, stuck workflows and stale projections.",0.5256,"ENG-217-R001 | Every eligible diagnostic/monitoring order may define expected artifact/result type, expected time window, responsible reviewer, escalation policy and downstream obligation.",0.5075,"ENG-264-R001 | Reconciliation jobs detect orphan goals, interventions without expected monitoring, expected results without returned result, responses without source evidence, obligations without owner and stale projections.",0.3653,CANDIDATE_STRONG,PENDING_EXPLICIT_APPROVAL
PROD-121-R002,PROD-121,ACTIVE,C5,An expected result that does not arrive becomes visible pending work.,ENG-217-R002 | Absence of an expected result becomes a detectable workflow state rather than disappearing.,0.3753,"ENG-264-R001 | Reconciliation jobs detect orphan goals, interventions without expected monitoring, expected results without returned result, responses without source evidence, obligations without owner and stale projections.",0.299,ENG-217-R003 | Expected result is distinct from predicted biological value unless an explicitly validated model exists.,0.2757,CANDIDATE_MODERATE,PENDING_EXPLICIT_APPROVAL
PROD-121-R003,PROD-121,ACTIVE,C5,Expected result means expected workflow artifact unless a separately validated biological prediction is explicitly intended.,ENG-217-R003 | Expected result is distinct from predicted biological value unless an explicitly validated model exists.,0.5767,ENG-217-R002 | Absence of an expected result becomes a detectable workflow state rather than disappearing.,0.2878,"ENG-264-R001 | Reconciliation jobs detect orphan goals, interventions without expected monitoring, expected results without returned result, responses without source evidence, obligations without owner and stale projections.",0.2823,CANDIDATE_STRONG,PENDING_EXPLICIT_APPROVAL
PROD-122-R001,PROD-122,ACTIVE,C5,"Medical OS connects intervention, expected effect/timeframe, observed result, adverse effects, adherence/context and reassessment.","ENG-219-R001 | Represent expected effect, expected timeframe, observed response, adverse effects, adherence evidence, confounders and clinician conclusion.",0.5803,ENG-218-R001 | Link Goal → Intervention → Expected Result → Observed Result → Treatment Response → Reassessment.,0.5295,ENG-290-R005 | Treatment loop: intervention → expected response → observed response → reassessment.,0.3893,CANDIDATE_STRONG,PENDING_EXPLICIT_APPROVAL
PROD-122-R002,PROD-122,ACTIVE,C4,"Possible states include responding, partially responding, non-responding, worsening, unable-to-assess and conflicting evidence when clinically appropriate.","ENG-219-R002 | Outcome states include responding, partially responding, non-responding, worsening, unable-to-assess and conflicting evidence.",0.9286,ENG-219-R003 | Deterministic response rules may be used only when clinically validated; otherwise the engine structures evidence for clinician assessment.,0.06,ENG-218-R004 | Historical reconstruction must show which evidence was available when response was assessed.,0.0224,CANDIDATE_STRONG,PENDING_EXPLICIT_APPROVAL
PROD-122-R003,PROD-122,ACTIVE,C5,Missing follow-up must never be presented as treatment success or failure.,ENG-218-R003 | Unknown response remains UNKNOWN; missing follow-up cannot become treatment failure or success.,0.8385,ENG-290-R003 | Plan compile: create prescription/order/monitoring/follow-up without re-entry.,0.6427,ENG-290-R007 | Patient loop: action plan → barrier/comprehension → routed follow-up.,0.6041,CANDIDATE_STRONG,PENDING_EXPLICIT_APPROVAL
PROD-123-R001,PROD-123,ACTIVE,C5,"Medication experience connects medication with indication/problem, goal, response, monitoring, relevant safety context, adverse effects, adherence and lifecycle.","ENG-220-R001 | Connect medication to indication, problem, goal, intent, dose, route, formulation, start/stop, response, adverse effects, allergies, contraindications, renal/hepatic context, monitoring, adherence and reason for change.",0.5783,"ENG-220-R002 | Detect medication-without-known-indication, indication-without-expected-monitoring, monitoring overdue and clinically meaningful lifecycle inconsistencies as review candidates.",0.4234,"ENG-221-R001 | When renal/hepatic function, weight, pregnancy/context, allergy, interaction-relevant medication or other validated dependency changes, recompute only affected medication safety/applicability checks.",0.4219,CANDIDATE_STRONG,PENDING_EXPLICIT_APPROVAL
PROD-123-R002,PROD-123,ACTIVE,C5,Medical OS should surface medication changes affected by new clinical context without re-alerting unrelated unchanged issues.,"ENG-221-R001 | When renal/hepatic function, weight, pregnancy/context, allergy, interaction-relevant medication or other validated dependency changes, recompute only affected medication safety/applicability checks.",0.3517,ENG-221-R002 | Display delta rather than re-alerting unchanged findings.,0.3483,ENG-221-R003 | All high-impact medication checks declare algorithm/knowledge versions and missing-data behavior.,0.2336,CANDIDATE_MODERATE,PENDING_EXPLICIT_APPROVAL
PROD-123-R003,PROD-123,ACTIVE,C5,Incomplete imported indication data must not be interpreted automatically as inappropriate prescribing.,ENG-220-R003 | Do not equate absence of linked indication with inappropriate prescribing; imported/legacy data may be incomplete.,0.6022,"ENG-220-R002 | Detect medication-without-known-indication, indication-without-expected-monitoring, monitoring overdue and clinically meaningful lifecycle inconsistencies as review candidates.",0.1857,"ENG-220-R001 | Connect medication to indication, problem, goal, intent, dose, route, formulation, start/stop, response, adverse effects, allergies, contraindications, renal/hepatic context, monitoring, adherence and reason for change.",0.0888,CANDIDATE_STRONG,PENDING_EXPLICIT_APPROVAL
PROD-124-R001,PROD-124,ACTIVE,C5,"During diagnostic reasoning, physicians may maintain hypotheses with evidence for, evidence against, missing evidence and uncertainty.","ENG-222-R001 | ClinicalHypothesis stores status, supporting evidence, contradicting evidence, missing evidence, uncertainty, differential relationships, risk-of-omission metadata and provenance.",0.4345,"ENG-226-R001 | Uncertainty is first-class and can attach to hypothesis, diagnosis, fact, decision, expected result or response.",0.3274,ENG-226-R003 | Store uncertainty rationale and what evidence could resolve it when explicitly known.,0.3006,CANDIDATE_STRONG,PENDING_EXPLICIT_APPROVAL
PROD-124-R002,PROD-124,ACTIVE,C5,Hypotheses may progress through governed clinical states without becoming diagnoses implicitly.,"ENG-226-R002 | States distinguish unknown, uncertain, conflicting, pending, not-assessed and not-applicable.",0.2049,ENG-018-R001 | • Diagnosis/problem certainty separate from lifecycle state.,0.187,ENG-018-R002 | • Assessment can contain unresolved hypotheses without polluting chronic problem list.,0.114,MANUAL_ATOMIC_REVIEW,PENDING_EXPLICIT_APPROVAL
PROD-124-R003,PROD-124,ACTIVE,C5,"AI can organize or suggest candidate hypotheses, but physician authority is required for diagnosis under the intended product boundary.",ENG-018-R004 | • Reasoning Engine may organize evidence but does not assign authoritative diagnosis.,0.3765,ENG-018-R002 | • Assessment can contain unresolved hypotheses without polluting chronic problem list.,0.1512,ENG-018-R001 | • Diagnosis/problem certainty separate from lifecycle state.,0.1063,CANDIDATE_MODERATE,PENDING_EXPLICIT_APPROVAL
PROD-125-R001,PROD-125,ACTIVE,C4,Medical OS can identify information that remains unknown or missing for a hypothesis/decision when supported by governed clinical knowledge.,ENG-270-R002 | Missing-evidence artifacts declare decision/hypothesis context and applicability.,0.5241,ENG-223-R004 | Knowledge-derived missing-evidence logic is versioned and explainable.,0.3929,"ENG-223-R001 | For a hypothesis/decision, compute what required or useful evidence is absent, unknown, conflicting or stale.",0.2467,CANDIDATE_STRONG,PENDING_EXPLICIT_APPROVAL
PROD-125-R002,PROD-125,ACTIVE,C5,It should distinguish safety-critical missing information from optional decision-improving information.,ENG-223-R002 | Separate MUST-HAVE safety data from optional decision-improving information.,0.6719,ENG-270-R002 | Missing-evidence artifacts declare decision/hypothesis context and applicability.,0.399,ENG-223-R004 | Knowledge-derived missing-evidence logic is versioned and explainable.,0.3395,CANDIDATE_STRONG,PENDING_EXPLICIT_APPROVAL
PROD-125-R003,PROD-125,ACTIVE,C2,The experience must avoid turning every consultation into a rigid checklist.,"ENG-223-R003 | Do not create checklist overload; rank by expected decision relevance, urgency and risk.",0.1418,"ENG-223-R001 | For a hypothesis/decision, compute what required or useful evidence is absent, unknown, conflicting or stale.",0,ENG-223-R002 | Separate MUST-HAVE safety data from optional decision-improving information.,0,MANUAL_ATOMIC_REVIEW,PENDING_EXPLICIT_APPROVAL
PROD-126-R001,PROD-126,ACTIVE,C5,"Medical OS may surface clinically relevant contradictions among facts, medications, diagnoses, results, documents, patient statements and timelines.","ENG-224-R001 | Detect semantic conflicts across facts, statuses, medications, problems, results, statements and timelines.",0.634,"ENG-229-R001 | Compute what changed since a clinically relevant baseline/last review: new problems, changed measurements, medication changes, new results, corrected results, new contradictions, overdue obligations and resolved items.",0.3902,"ENG-224-R002 | Contradiction states include possible, likely, clinically-important and safety-critical; confidence never substitutes for clinical severity.",0.2411,CANDIDATE_STRONG,PENDING_EXPLICIT_APPROVAL
PROD-126-R002,PROD-126,ACTIVE,C2,Contradictions remain visible until reconciled; Medical OS does not silently choose one source as truth.,ENG-224-R004 | Contradictions require reconciliation workflow; the system does not silently choose a winner.,0.5873,"ENG-224-R002 | Contradiction states include possible, likely, clinically-important and safety-critical; confidence never substitutes for clinical severity.",0.2117,"ENG-269-R001 | Contradiction rules distinguish logical impossibility, semantic inconsistency, temporal mismatch and clinically suspicious coexistence.",0.2054,CANDIDATE_STRONG,PENDING_EXPLICIT_APPROVAL
PROD-126-R003,PROD-126,ACTIVE,C2,Severity and interruption behavior are governed separately from AI confidence.,"ENG-224-R002 | Contradiction states include possible, likely, clinically-important and safety-critical; confidence never substitutes for clinical severity.",0.1803,"ENG-269-R002 | Each rule declares severity, applicability, resolution options and false-positive considerations.",0.1286,"ENG-224-R001 | Detect semantic conflicts across facts, statuses, medications, problems, results, statements and timelines.",0,MANUAL_ATOMIC_REVIEW,PENDING_EXPLICIT_APPROVAL
PROD-127-R001,PROD-127,ACTIVE,C5,"Uncertainty can attach to hypotheses, diagnoses, facts, decisions, results and treatment response.","ENG-226-R001 | Uncertainty is first-class and can attach to hypothesis, diagnosis, fact, decision, expected result or response.",0.5651,ENG-212-R002 | The core loop is Patient State → Intent → Goals → Problems/Hypotheses → Evidence/Uncertainty → Decision → Intervention → Expected Result → Observed Result → Treatment Response → Reassessment → Obligation.,0.4784,"ENG-213-R001 | Extend Patient State to include current state, historical state, delta, trajectory, episodes, problems, hypotheses, evidence, uncertainty, goals, intent, interventions, treatment responses, medications, diagnostics, pref",0.3458,CANDIDATE_STRONG,PENDING_EXPLICIT_APPROVAL
PROD-127-R002,PROD-127,ACTIVE,C2,"The product should show what is uncertain and, when known, what information could resolve it.",ENG-226-R003 | Store uncertainty rationale and what evidence could resolve it when explicitly known.,0.6262,"ENG-226-R002 | States distinguish unknown, uncertain, conflicting, pending, not-assessed and not-applicable.",0.0991,"ENG-226-R001 | Uncertainty is first-class and can attach to hypothesis, diagnosis, fact, decision, expected result or response.",0.0793,CANDIDATE_STRONG,PENDING_EXPLICIT_APPROVAL
PROD-127-R003,PROD-127,ACTIVE,C2,Medical OS must not invent numerical probabilities where no validated probability model exists.,ENG-226-R004 | Never fabricate numerical probability where no validated probability model exists.,0.6695,"ENG-226-R002 | States distinguish unknown, uncertain, conflicting, pending, not-assessed and not-applicable.",0.028,"ENG-226-R001 | Uncertainty is first-class and can attach to hypothesis, diagnosis, fact, decision, expected result or response.",0,CANDIDATE_STRONG,PENDING_EXPLICIT_APPROVAL
PROD-128-R001,PROD-128,ACTIVE,C4,"For selected high-value/high-risk decisions, Medical OS can preserve decision context, evidence, alternatives, uncertainty, expected outcome and monitoring plan.","ENG-227-R001 | Selected high-impact decisions may capture decision, intent, alternatives considered, evidence, constraints, uncertainty, expected outcome, monitoring plan and actor/time.",0.688,"ENG-226-R001 | Uncertainty is first-class and can attach to hypothesis, diagnosis, fact, decision, expected result or response.",0.3542,ENG-226-R003 | Store uncertainty rationale and what evidence could resolve it when explicitly known.,0.2893,CANDIDATE_STRONG,PENDING_EXPLICIT_APPROVAL
PROD-128-R002,PROD-128,ACTIVE,C2,The ledger is risk-based and must not turn routine care into documentation burden.,ENG-227-R002 | Decision Ledger is risk-based; routine low-risk care must not become documentation burden.,0.7679,"ENG-128-R004 | • Destructive/high-risk actions have contextual confirmation, not generic “Are you sure?”.",0.0493,"ENG-226-R002 | States distinguish unknown, uncertain, conflicting, pending, not-assessed and not-applicable.",0.0262,CANDIDATE_STRONG,PENDING_EXPLICIT_APPROVAL
PROD-128-R003,PROD-128,ACTIVE,C2,Historical decisions remain understandable in the context available when they were made.,"ENG-227-R001 | Selected high-impact decisions may capture decision, intent, alternatives considered, evidence, constraints, uncertainty, expected outcome, monitoring plan and actor/time.",0.0715,ENG-227-R002 | Decision Ledger is risk-based; routine low-risk care must not become documentation burden.,0,ENG-227-R003 | AI-generated decision rationale remains draft until physician adoption.,0,MANUAL_ATOMIC_REVIEW,PENDING_EXPLICIT_APPROVAL
PROD-129-R001,PROD-129,ACTIVE,C5,"Medical OS provides a clinically prioritized view of what changed since the relevant prior baseline: new findings, trajectories, medication changes, results, corrected results, contradictions, obligations and resolved items.","ENG-229-R001 | Compute what changed since a clinically relevant baseline/last review: new problems, changed measurements, medication changes, new results, corrected results, new contradictions, overdue obligations and resolved items.",0.725,"ENG-224-R001 | Detect semantic conflicts across facts, statuses, medications, problems, results, statements and timelines.",0.2433,"ENG-230-R001 | Pre-visit view must prioritize meaningful deltas, pending work, contradictions, new external care and treatment-response evidence.",0.232,CANDIDATE_STRONG,PENDING_EXPLICIT_APPROVAL
PROD-129-R002,PROD-129,ACTIVE,C4,Clinical Delta is distinct from summary and raw chronology.,ENG-229-R002 | Rank by clinical relevance and novelty rather than raw chronology.,0.3385,ENG-230-R003 | User can drill from delta → source → longitudinal context.,0.2157,ENG-230-R002 | Long AI summaries cannot replace structured delta.,0.2068,CANDIDATE_MODERATE,PENDING_EXPLICIT_APPROVAL
PROD-129-R003,PROD-129,ACTIVE,C2,Every delta item can be traced back to its underlying information.,ENG-229-R003 | Every delta links to underlying facts and comparison baseline.,0.3843,ENG-230-R003 | User can drill from delta → source → longitudinal context.,0.2247,ENG-230-R002 | Long AI summaries cannot replace structured delta.,0.1664,CANDIDATE_STRONG,PENDING_EXPLICIT_APPROVAL
PROD-130-R001,PROD-130,ACTIVE,C5,"The longitudinal record can be viewed chronologically, by problem, medication, diagnostic thread or clinical episode.","ENG-231-R001 | Support chronological, problem-centric, medication-centric, diagnostic and episode-centric projections over the same authoritative facts.",0.4191,"ENG-224-R003 | Examples include active-vs-stopped medication, incompatible units/statuses, documented absence versus persistent objective evidence and conflicting patient identity/context.",0.1889,"ENG-224-R001 | Detect semantic conflicts across facts, statuses, medications, problems, results, statements and timelines.",0.1765,CANDIDATE_STRONG,PENDING_EXPLICIT_APPROVAL
PROD-130-R002,PROD-130,ACTIVE,C4,Grouping must not alter the underlying clinical facts.,ENG-231-R002 | Timeline grouping is a read model; it does not duplicate clinical truth.,0.3149,"ENG-224-R001 | Detect semantic conflicts across facts, statuses, medications, problems, results, statements and timelines.",0.0621,"ENG-231-R001 | Support chronological, problem-centric, medication-centric, diagnostic and episode-centric projections over the same authoritative facts.",0.0574,CANDIDATE_MODERATE,PENDING_EXPLICIT_APPROVAL
PROD-130-R003,PROD-130,ACTIVE,C2,AI-suggested episode grouping remains identifiable and correctable.,ENG-231-R003 | Episode assignment can be suggested by AI but remains provenance-marked and correctable.,0.5269,"ENG-232-R002 | Episode boundaries may be explicit, deterministic or suggested; source/method is preserved.",0.3486,ENG-231-R002 | Timeline grouping is a read model; it does not duplicate clinical truth.,0.2138,CANDIDATE_STRONG,PENDING_EXPLICIT_APPROVAL
PROD-131-R001,PROD-131,ACTIVE,C5,"Related encounters, diagnostics, interventions and outcomes may be grouped into meaningful clinical episodes.","ENG-232-R001 | ClinicalEpisode groups temporally/semantically related encounters, diagnostics, interventions and outcomes.",0.6209,"ENG-213-R001 | Extend Patient State to include current state, historical state, delta, trajectory, episodes, problems, hypotheses, evidence, uncertainty, goals, intent, interventions, treatment responses, medications, diagnostics, pref",0.2792,"ENG-231-R001 | Support chronological, problem-centric, medication-centric, diagnostic and episode-centric projections over the same authoritative facts.",0.1458,CANDIDATE_STRONG,PENDING_EXPLICIT_APPROVAL
PROD-131-R002,PROD-131,ACTIVE,C2,"Episode boundaries may be explicit or assisted, but their origin remains visible.","ENG-232-R002 | Episode boundaries may be explicit, deterministic or suggested; source/method is preserved.",0.3256,ENG-231-R003 | Episode assignment can be suggested by AI but remains provenance-marked and correctable.,0.2532,"ENG-231-R001 | Support chronological, problem-centric, medication-centric, diagnostic and episode-centric projections over the same authoritative facts.",0.0977,CANDIDATE_MODERATE,PENDING_EXPLICIT_APPROVAL
PROD-131-R003,PROD-131,ACTIVE,C4,Episodes improve continuity without creating duplicate clinical truth.,ENG-231-R002 | Timeline grouping is a read model; it does not duplicate clinical truth.,0.1539,"ENG-213-R001 | Extend Patient State to include current state, historical state, delta, trajectory, episodes, problems, hypotheses, evidence, uncertainty, goals, intent, interventions, treatment responses, medications, diagnostics, pref",0.0957,"ENG-232-R001 | ClinicalEpisode groups temporally/semantically related encounters, diagnostics, interventions and outcomes.",0,MANUAL_ATOMIC_REVIEW,PENDING_EXPLICIT_APPROVAL
PROD-132-R001,PROD-132,ACTIVE,C4,"Medical OS distinguishes patient preferences, access/cost constraints, feasibility and prior intolerance from objective clinical facts.","ENG-233-R001 | Represent preferences, constraints, affordability/access considerations, prior intolerance and feasibility separately from clinical facts.",0.6311,"ENG-234-R001 | Separate durable clinical facts, patient preferences, prior decisions, historical context, clinician annotations and AI inferences.",0.2578,"ENG-233-R003 | Shared decisions link clinical options, patient constraints/preferences and final physician/patient decision without pretending guideline equivalence.",0.195,CANDIDATE_STRONG,PENDING_EXPLICIT_APPROVAL
PROD-132-R002,PROD-132,ACTIVE,C4,Preferences may participate in shared decisions without being misrepresented as contraindications or medical evidence.,"ENG-233-R003 | Shared decisions link clinical options, patient constraints/preferences and final physician/patient decision without pretending guideline equivalence.",0.3037,"ENG-234-R001 | Separate durable clinical facts, patient preferences, prior decisions, historical context, clinician annotations and AI inferences.",0.2057,"ENG-233-R002 | Preferences have scope, source, effective period and verification state.",0.1443,CANDIDATE_MODERATE,PENDING_EXPLICIT_APPROVAL
PROD-132-R003,PROD-132,ACTIVE,C4,The physician can understand why a selected plan differs from a generic guideline option.,"ENG-227-R001 | Selected high-impact decisions may capture decision, intent, alternatives considered, evidence, constraints, uncertainty, expected outcome, monitoring plan and actor/time.",0.1172,"ENG-233-R003 | Shared decisions link clinical options, patient constraints/preferences and final physician/patient decision without pretending guideline equivalence.",0.0842,"ENG-233-R001 | Represent preferences, constraints, affordability/access considerations, prior intolerance and feasibility separately from clinical facts.",0,MANUAL_ATOMIC_REVIEW,PENDING_EXPLICIT_APPROVAL
PROD-133-R001,PROD-133,ACTIVE,C4,"Longitudinal memory distinguishes verified facts, patient-reported information, preferences, prior decisions, historical context and AI inference.","ENG-234-R001 | Separate durable clinical facts, patient preferences, prior decisions, historical context, clinician annotations and AI inferences.",0.4372,"ENG-233-R001 | Represent preferences, constraints, affordability/access considerations, prior intolerance and feasibility separately from clinical facts.",0.2505,"ENG-233-R003 | Shared decisions link clinical options, patient constraints/preferences and final physician/patient decision without pretending guideline equivalence.",0.2126,CANDIDATE_STRONG,PENDING_EXPLICIT_APPROVAL
PROD-133-R002,PROD-133,ACTIVE,C4,AI memory cannot silently become clinical truth.,ENG-234-R002 | AI memory never silently becomes clinical truth.,0.629,ENG-234-R003 | Memory retrieval is purpose-scoped and minimum necessary.,0.2474,"ENG-133-R005 | When implementation discovers a product-level contradiction, stop and classify it rather than silently changing product behavior.",0.0861,CANDIDATE_STRONG,PENDING_EXPLICIT_APPROVAL
PROD-133-R003,PROD-133,ACTIVE,C2,"Previously failed treatments, constraints and important prior decisions should be retrievable when relevant.","ENG-234-R001 | Separate durable clinical facts, patient preferences, prior decisions, historical context, clinician annotations and AI inferences.",0.1735,"ENG-233-R003 | Shared decisions link clinical options, patient constraints/preferences and final physician/patient decision without pretending guideline equivalence.",0.1643,"ENG-233-R001 | Represent preferences, constraints, affordability/access considerations, prior intolerance and feasibility separately from clinical facts.",0.1535,MANUAL_ATOMIC_REVIEW,PENDING_EXPLICIT_APPROVAL
PROD-134-R001,PROD-134,ACTIVE,C5,"Medical OS protects physician attention by classifying signals as CRITICAL, IMPORTANT, CONSIDER or INFO under governed policy.","ENG-235-R001 | Alerts/signals are assigned interruption class: CRITICAL, IMPORTANT, CONSIDER or INFO under governed policy.",0.5865,ENG-238-R002 | Use progressive disclosure and attention budget; do not continuously interrupt.,0.1264,"ENG-238-R001 | During encounter, surface potentially important unanswered questions only when supported by approved clinical knowledge/pathway and current context.",0.0746,CANDIDATE_STRONG,PENDING_EXPLICIT_APPROVAL
PROD-134-R002,PROD-134,ACTIVE,C2,Related signals may be aggregated where safe.,ENG-235-R002 | Correlated rules about the same underlying hazard should be deduplicated/aggregated where safe.,0.3308,"ENG-235-R001 | Alerts/signals are assigned interruption class: CRITICAL, IMPORTANT, CONSIDER or INFO under governed policy.",0.167,"ENG-235-R003 | Track alert exposure, acknowledgement, override and downstream outcome for governance without using raw ignore rate as automatic clinical truth.",0,CANDIDATE_MODERATE,PENDING_EXPLICIT_APPROVAL
PROD-134-R003,PROD-134,ACTIVE,C5,Critical safety information cannot be suppressed merely because similar alerts are often dismissed.,ENG-235-R004 | Critical alerts cannot be suppressed solely because users frequently dismiss them.,0.3606,ENG-134-R007 | Deterministic Algorithms / Numerical Safety: 10.,0.215,ENG-238-R003 | Each suggestion explains why it may matter and can be dismissed without silently recording a negative answer.,0.165,CANDIDATE_MODERATE,PENDING_EXPLICIT_APPROVAL
PROD-135-R001,PROD-135,ACTIVE,C2,"Medical OS should actively minimize repeated entry, unnecessary clicks, context switching, interruption, search effort and after-visit administrative work.","ENG-236-R001 | Instrument clicks, repeated entry, context switches, interruptions, search time, scroll distance, alert burden and after-visit work using privacy-preserving telemetry.",0.3292,"ENG-236-R002 | Use metrics to identify workflow friction, not to score/punish clinicians by default.",0,ENG-236-R003 | Product optimization must preserve safety invariants while reducing interaction cost.,0,CANDIDATE_MODERATE,PENDING_EXPLICIT_APPROVAL
PROD-135-R002,PROD-135,ACTIVE,C2,Workflow telemetry may be used to improve the product but not as punitive clinician surveillance by default.,"ENG-236-R002 | Use metrics to identify workflow friction, not to score/punish clinicians by default.",0.1436,"ENG-236-R001 | Instrument clicks, repeated entry, context switches, interruptions, search time, scroll distance, alert burden and after-visit work using privacy-preserving telemetry.",0.0586,ENG-236-R003 | Product optimization must preserve safety invariants while reducing interaction cost.,0,MANUAL_ATOMIC_REVIEW,PENDING_EXPLICIT_APPROVAL
PROD-135-R003,PROD-135,ACTIVE,C4,Clinical safety remains a constraint on simplification.,ENG-236-R003 | Product optimization must preserve safety invariants while reducing interaction cost.,0.2146,"ENG-236-R001 | Instrument clicks, repeated entry, context switches, interruptions, search time, scroll distance, alert burden and after-visit work using privacy-preserving telemetry.",0,"ENG-236-R002 | Use metrics to identify workflow friction, not to score/punish clinicians by default.",0,MANUAL_ATOMIC_REVIEW,PENDING_EXPLICIT_APPROVAL
PROD-136-R001,PROD-136,ACTIVE,C2,"Ambient capture may create candidate facts, documentation, orders, instructions, obligations and missing-question suggestions.","ENG-237-R001 | Conversation/audio may generate candidate history facts, exam statements, medications, orders, instructions, obligations and missing-question suggestions.",0.5302,ENG-237-R003 | Ambient extraction cannot directly create verified clinical facts or irreversible clinical actions.,0.2746,ENG-237-R004 | Late/stale ambient outputs are patient/encounter/request bound and safely discarded.,0.1417,CANDIDATE_STRONG,PENDING_EXPLICIT_APPROVAL
PROD-136-R002,PROD-136,ACTIVE,C4,The product flow is conversation → candidate clinical objects → physician verification → commit.,ENG-237-R002 | Pipeline: capture → segmentation → extraction → context binding → contradiction check → candidate objects → physician review → commit.,0.2679,"ENG-237-R001 | Conversation/audio may generate candidate history facts, exam statements, medications, orders, instructions, obligations and missing-question suggestions.",0.2263,ENG-237-R003 | Ambient extraction cannot directly create verified clinical facts or irreversible clinical actions.,0,CANDIDATE_MODERATE,PENDING_EXPLICIT_APPROVAL
PROD-136-R003,PROD-136,ACTIVE,C4,Conversation or transcription is never automatically equivalent to verified clinical truth.,"ENG-237-R001 | Conversation/audio may generate candidate history facts, exam statements, medications, orders, instructions, obligations and missing-question suggestions.",0.155,ENG-237-R003 | Ambient extraction cannot directly create verified clinical facts or irreversible clinical actions.,0.0999,ENG-237-R002 | Pipeline: capture → segmentation → extraction → context binding → contradiction check → candidate objects → physician review → commit.,0,MANUAL_ATOMIC_REVIEW,PENDING_EXPLICIT_APPROVAL
PROD-137-R001,PROD-137,ACTIVE,C4,"During consultation, Medical OS may discreetly surface clinically relevant unassessed questions supported by current context and governed knowledge.","ENG-238-R001 | During encounter, surface potentially important unanswered questions only when supported by approved clinical knowledge/pathway and current context.",0.41,"ENG-137-R002 | Authorities: DETERMINISTIC, KNOWLEDGE, AI_ASSISTED, PHYSICIAN or explicitly governed HYBRID.",0.0949,ENG-237-R002 | Pipeline: capture → segmentation → extraction → context binding → contradiction check → candidate objects → physician review → commit.,0.0266,CANDIDATE_STRONG,PENDING_EXPLICIT_APPROVAL
PROD-137-R002,PROD-137,ACTIVE,C2,Suggestions use progressive disclosure and attention budget rather than constant interruption.,ENG-238-R002 | Use progressive disclosure and attention budget; do not continuously interrupt.,0.532,"ENG-237-R001 | Conversation/audio may generate candidate history facts, exam statements, medications, orders, instructions, obligations and missing-question suggestions.",0.0813,"ENG-238-R001 | During encounter, surface potentially important unanswered questions only when supported by approved clinical knowledge/pathway and current context.",0,CANDIDATE_STRONG,PENDING_EXPLICIT_APPROVAL
PROD-137-R003,PROD-137,ACTIVE,C2,Dismissal does not record a negative answer.,ENG-238-R003 | Each suggestion explains why it may matter and can be dismissed without silently recording a negative answer.,0.2285,ENG-238-R002 | Use progressive disclosure and attention budget; do not continuously interrupt.,0.0196,"ENG-238-R001 | During encounter, surface potentially important unanswered questions only when supported by approved clinical knowledge/pathway and current context.",0,CANDIDATE_MODERATE,PENDING_EXPLICIT_APPROVAL
PROD-138-R001,PROD-138,ACTIVE,C2,"Important recommendations can expose source, version/effective date, applicability, relevant exceptions and data used.","ENG-239-R002 | Display recommendation, source, effective date, applicability, exceptions, strength/quality metadata where available and data used.",0.4658,"ENG-239-R001 | Resolve applicable evidence using jurisdiction, specialty, life stage, condition, medication/context, effective date and artifact version.",0.1675,"ENG-343-R001 | When evidence guidance, institutional policy, jurisdictional constraint or patient preference conflict, Medical OS represents the conflict explicitly.",0,CANDIDATE_STRONG,PENDING_EXPLICIT_APPROVAL
PROD-138-R002,PROD-138,ACTIVE,C4,"Medical OS distinguishes evidence guidance, institutional policy, patient preference and jurisdictional constraint.","ENG-343-R001 | When evidence guidance, institutional policy, jurisdictional constraint or patient preference conflict, Medical OS represents the conflict explicitly.",0.7445,ENG-315-R001 | Separate evidence/medical knowledge from institutional policy and jurisdictional/legal constraints.,0.5037,"ENG-315-R002 | Decision context may combine Evidence Recommendation, Institutional Policy, Patient Preference/Constraint and Legal/Regulatory Constraint without falsely presenting them as one authority.",0.462,CANDIDATE_STRONG,PENDING_EXPLICIT_APPROVAL
PROD-138-R003,PROD-138,ACTIVE,C2,Conflicting authorities are shown rather than silently harmonized by AI.,ENG-343-R002 | Conflict resolution authority is defined by policy/intended use; AI cannot silently harmonize competing authorities.,0.2186,"ENG-315-R003 | Policy artifacts are versioned, scoped, explainable and auditable.",0.0445,"ENG-343-R001 | When evidence guidance, institutional policy, jurisdictional constraint or patient preference conflict, Medical OS represents the conflict explicitly.",0,MANUAL_ATOMIC_REVIEW,PENDING_EXPLICIT_APPROVAL
PROD-139-R001,PROD-139,ACTIVE,C3,"Important recommendations, alerts and derived facts can explain why they appear: triggering data, change/baseline, affected object, applicable rule/knowledge, missing information and provenance.","ENG-326-R001 | Any high-impact signal/recommendation/derived fact MUST support a trace explaining triggering data, change/baseline, affected object, rule/algorithm/knowledge version, source and missing/conflicting inputs.",0.4372,"ENG-240-R001 | Every high-impact deterministic/knowledge recommendation exposes trigger facts, missing facts, rule/algorithm version, source references, applicability and reason for severity.",0.2661,"ENG-139-R001 | Manifest records algorithm ID/version/hash, intended purpose, source versions, schemas, unit policy, rounding, applicability, exclusions, missing-data behavior, golden corpus, reviewers, status, activation and retirement",0.1484,CANDIDATE_STRONG,PENDING_EXPLICIT_APPROVAL
PROD-139-R002,PROD-139,ACTIVE,C2,Explanation should be available on demand without overwhelming the default workflow.,"ENG-240-R002 | Explanation must be generated from execution trace where possible, not reconstructed by a free-form LLM.",0.1036,"ENG-326-R001 | Any high-impact signal/recommendation/derived fact MUST support a trace explaining triggering data, change/baseline, affected object, rule/algorithm/knowledge version, source and missing/conflicting inputs.",0,ENG-326-R002 | Prefer deterministic execution traces; LLMs may translate traces but not invent rationale.,0,MANUAL_ATOMIC_REVIEW,PENDING_EXPLICIT_APPROVAL
PROD-139-R003,PROD-139,ACTIVE,C2,AI may translate a governed explanation but cannot invent its underlying rationale.,ENG-326-R002 | Prefer deterministic execution traces; LLMs may translate traces but not invent rationale.,0.426,ENG-240-R003 | AI prose may translate an existing trace but cannot change its semantics.,0.4254,"ENG-240-R002 | Explanation must be generated from execution trace where possible, not reconstructed by a free-form LLM.",0.0897,CANDIDATE_STRONG,PENDING_EXPLICIT_APPROVAL
PROD-140-R001,PROD-140,ACTIVE,C4,"The interface visually and semantically distinguishes VERIFIED, PATIENT_REPORTED, IMPORTED, DERIVED, SUGGESTED, UNVERIFIED, PENDING, CONFLICTING and DEGRADED information.","ENG-324-R001 | Design System MUST visually distinguish observed/verified, patient-reported, imported, derived, suggested, unverified, pending and conflicting information.",0.7173,"ENG-340-R001 | Design System exposes semantic tokens/components for VERIFIED, PATIENT_REPORTED, IMPORTED, DERIVED, SUGGESTED, UNVERIFIED, PENDING, CONFLICTING and DEGRADED.",0.6402,"ENG-304-R003 | UI, API and audit MUST preserve the authority class so an AI suggestion cannot visually or structurally masquerade as a verified result.",0.1626,CANDIDATE_STRONG,PENDING_EXPLICIT_APPROVAL
PROD-140-R002,PROD-140,ACTIVE,C2,Status must not depend on color alone.,ENG-324-R003 | Semantic status cannot depend on color alone; accessibility and text/icon cues are required.,0.5427,ENG-340-R003 | Snapshot/accessibility tests verify status remains distinguishable across themes and density profiles.,0.0441,"ENG-340-R002 | Tokens are semantic contracts, not branding colors.",0.0288,CANDIDATE_STRONG,PENDING_EXPLICIT_APPROVAL
PROD-140-R003,PROD-140,ACTIVE,C5,A suggestion must not look like a physician decision or verified result.,"ENG-304-R003 | UI, API and audit MUST preserve the authority class so an AI suggestion cannot visually or structurally masquerade as a verified result.",0.421,ENG-324-R002 | AI suggestions MUST NOT share the same visual authority as verified clinical results/physician decisions.,0.3091,"ENG-304-R001 | Define type-level separation between observed/verified fact, deterministic derived fact, probabilistic inference, knowledge recommendation, AI suggestion, physician decision and committed clinical action.",0.2226,CANDIDATE_STRONG,PENDING_EXPLICIT_APPROVAL
PROD-141-R001,PROD-141,ACTIVE,C4,"Medical OS distinguishes source material, assertion, verification, clinical interpretation, accepted fact/problem/hypothesis, derived fact, recommendation, decision and action.",ENG-303-R002 | Canonical flow: Source → Assertion → Verification → Clinical Interpretation → Accepted Fact/Problem/Hypothesis.,0.6793,"ENG-304-R001 | Define type-level separation between observed/verified fact, deterministic derived fact, probabilistic inference, knowledge recommendation, AI suggestion, physician decision and committed clinical action.",0.3301,"ENG-303-R001 | Medical OS MUST distinguish what was reported, imported, extracted, inferred, considered, verified, diagnosed and accepted.",0.0808,CANDIDATE_STRONG,PENDING_EXPLICIT_APPROVAL
PROD-141-R002,PROD-141,ACTIVE,C5,"Patient report, external record, AI extraction, clinician consideration and confirmed diagnosis are not interchangeable.","ENG-303-R003 | Patient statement, external document, AI extraction, clinician hypothesis and confirmed diagnosis are never semantically interchangeable.",0.5853,"ENG-303-R001 | Medical OS MUST distinguish what was reported, imported, extracted, inferred, considered, verified, diagnosed and accepted.",0,ENG-303-R002 | Canonical flow: Source → Assertion → Verification → Clinical Interpretation → Accepted Fact/Problem/Hypothesis.,0,CANDIDATE_STRONG,PENDING_EXPLICIT_APPROVAL
PROD-141-R003,PROD-141,ACTIVE,C4,Physicians can drill to the origin of clinically consequential information.,ENG-141-R003 | Use independent reference implementation where feasible and avoid shared helper logic that can duplicate the same defect.,0.0422,"ENG-303-R001 | Medical OS MUST distinguish what was reported, imported, extracted, inferred, considered, verified, diagnosed and accepted.",0,ENG-303-R002 | Canonical flow: Source → Assertion → Verification → Clinical Interpretation → Accepted Fact/Problem/Hypothesis.,0,MANUAL_ATOMIC_REVIEW,PENDING_EXPLICIT_APPROVAL
PROD-142-R001,PROD-142,ACTIVE,C4,"The product distinguishes temporal sequence, association, clinician-attributed relationship and evidence-supported causal relationship where relevant.",ENG-271-R002 | Treatment Response may record clinician-attributed relationship separately from observed temporal association.,0.5417,ENG-305-R003 | Causal claims require an explicitly qualified source/model/clinician attribution and remain distinguishable from association.,0.2827,ENG-305-R002 | Temporal sequence does not imply causality.,0.2252,CANDIDATE_STRONG,PENDING_EXPLICIT_APPROVAL
PROD-142-R002,PROD-142,ACTIVE,C2,Medical OS must not present 'occurred after' as 'caused by'.,"ENG-271-R001 | Temporal sequence, correlation and response after intervention do not automatically establish causality.",0.088,ENG-305-R002 | Temporal sequence does not imply causality.,0.0231,ENG-271-R003 | AI explanations must not upgrade association to causation.,0.0226,MANUAL_ATOMIC_REVIEW,PENDING_EXPLICIT_APPROVAL
PROD-142-R003,PROD-142,ACTIVE,C2,Treatment response may be displayed without falsely attributing causality.,"ENG-271-R001 | Temporal sequence, correlation and response after intervention do not automatically establish causality.",0.2461,ENG-305-R002 | Temporal sequence does not imply causality.,0.2222,ENG-271-R002 | Treatment Response may record clinician-attributed relationship separately from observed temporal association.,0.183,CANDIDATE_MODERATE,PENDING_EXPLICIT_APPROVAL
PROD-143-R001,PROD-143,ACTIVE,C5,"Result received, verified, reviewed, actioned, patient informed and clinically closed are separate states.",ENG-307-R002 | Received ≠ verified ≠ reviewed ≠ actioned ≠ patient informed ≠ closed.,0.7482,"ENG-307-R001 | Canonical result lifecycle distinguishes EXPECTED, ORDERED, RECEIVED, VERIFIED, REVIEWED, ACTION_REQUIRED, ACTIONED, PATIENT_INFORMED and CLOSED, with governed branches for CORRECTED, CANCELLED, UNMATCHED, FAILED, OVERDU",0.5312,"ENG-306-R001 | All clinically consequential lifecycle states are closed enumerations with explicit transitions, actors, guards, side effects and illegal-transition behavior.",0.2708,CANDIDATE_STRONG,PENDING_EXPLICIT_APPROVAL
PROD-143-R002,PROD-143,ACTIVE,C2,"Referral sent, accepted, completed and reconciled are separate states.",ENG-245-R003 | Referral sent ≠ accepted ≠ completed ≠ reconciled.,0.8237,"ENG-245-R001 | Referral captures reason, urgency, clinical question, relevant evidence, medications, requested output and expected return state.",0.2009,"ENG-306-R002 | Required state machines include Result, Medication, Goal, Hypothesis, Referral, Obligation, Decision/Plan, Document, Message and Appointment where applicable.",0.197,CANDIDATE_STRONG,PENDING_EXPLICIT_APPROVAL
PROD-143-R003,PROD-143,ACTIVE,C5,"Medication prescribed, started, active, modified and stopped are separate states.","ENG-306-R002 | Required state machines include Result, Medication, Goal, Hypothesis, Referral, Obligation, Decision/Plan, Document, Message and Appointment where applicable.",0.2832,"ENG-245-R001 | Referral captures reason, urgency, clinical question, relevant evidence, medications, requested output and expected return state.",0.2565,"ENG-245-R002 | Incoming specialist response triggers reconciliation of diagnoses, medications, recommendations, results and obligations.",0.1764,CANDIDATE_MODERATE,PENDING_EXPLICIT_APPROVAL
PROD-143-R004,PROD-143,ACTIVE,C2,Product wording must reflect the actual lifecycle state.,ENG-306-R004 | State-machine versions receive semantic diff and migration review.,0.2986,ENG-306-R003 | State strings MUST NOT be free-form database values for safety-critical lifecycles.,0.2146,ENG-307-R003 | Corrected results can invalidate downstream derived state and reopen review/action obligations.,0.2062,CANDIDATE_MODERATE,PENDING_EXPLICIT_APPROVAL
PROD-144-R001,PROD-144,ACTIVE,C4,"Every applicable clinically relevant future action must remain visibly accountable until completed, cancelled with reason, superseded or transferred.","ENG-308-R001 | For every applicable clinically relevant future action, exactly one accountable lifecycle MUST remain observable until completed, cancelled-with-reason, superseded or explicitly transferred.",0.8238,"ENG-290-R002 | Encounter: capture intent/goals, reason through hypothesis/evidence/uncertainty and approve plan.",0.0689,ENG-290-R004 | Result loop: receive/correct/review/action/communicate/reassess.,0.0448,CANDIDATE_STRONG,PENDING_EXPLICIT_APPROVAL
PROD-144-R002,PROD-144,ACTIVE,C2,"Medical OS should make owner, due state and unresolved status clear.","ENG-163-R002 | Every obligation has owner, due state, source, escalation, completion evidence and lifecycle.",0.4799,ENG-308-R003 | An independent reconciler MUST detect violations from authoritative state rather than trusting workflow queues.,0.199,"ENG-163-R003 | Independent reconciler detects results without review/owner, plans without obligations, monitoring without follow-up, failed communications, stuck workflows and stale projections.",0.0478,CANDIDATE_STRONG,PENDING_EXPLICIT_APPROVAL
PROD-144-R003,PROD-144,ACTIVE,C4,Silent disappearance of clinically relevant pending work is unacceptable product behavior.,ENG-290-R001 | Pre-visit: identify meaningful delta and pending obligations.,0.1275,"ENG-308-R001 | For every applicable clinically relevant future action, exactly one accountable lifecycle MUST remain observable until completed, cancelled-with-reason, superseded or explicitly transferred.",0.0923,"ENG-308-R002 | Ownerless, silently expired or queue-lost critical work is an invariant violation.",0.0795,MANUAL_ATOMIC_REVIEW,PENDING_EXPLICIT_APPROVAL
PROD-145-R001,PROD-145,ACTIVE,C5,"When Medical OS detects orphaned, stale or divergent workflow state, it creates visible repair/reconciliation work rather than fabricating completion.","ENG-311-R002 | Reconciliation detects orphan, stale, divergent and impossible states and creates repair work without inventing clinical facts.",0.5921,"ENG-337-R001 | Every asynchronous closed loop declares authoritative source, expected derived/side-effect state, reconciliation query, repair action, owner and escalation.",0.2461,ENG-264-R002 | Reconciliation can create repair work but does not invent missing clinical facts.,0.2424,CANDIDATE_STRONG,PENDING_EXPLICIT_APPROVAL
PROD-145-R002,PROD-145,ACTIVE,C4,Operational users can distinguish system degradation from absence of clinical work.,ENG-264-R002 | Reconciliation can create repair work but does not invent missing clinical facts.,0.1283,"ENG-311-R002 | Reconciliation detects orphan, stale, divergent and impossible states and creates repair work without inventing clinical facts.",0.0721,"ENG-311-R001 | Implement continuous and scheduled reconciliation across results, orders, goals, interventions, monitoring, referrals, obligations, documents, projections, audit and external side effects.",0,MANUAL_ATOMIC_REVIEW,PENDING_EXPLICIT_APPROVAL
PROD-145-R003,PROD-145,ACTIVE,C5,Reconciliation should normally be quiet unless human action is required.,ENG-311-R003 | Architecture principle: Prevention + Detection + Reconciliation + Recovery.,0.286,ENG-337-R003 | Reconciliation jobs are idempotent and observable.,0.2546,"ENG-337-R001 | Every asynchronous closed loop declares authoritative source, expected derived/side-effect state, reconciliation query, repair action, owner and escalation.",0.2184,CANDIDATE_MODERATE,PENDING_EXPLICIT_APPROVAL
PROD-146-R001,PROD-146,ACTIVE,C4,"For selected clinically consequential outputs, authorized users can understand what information and versions were available when Medical OS produced/displayed the output.",ENG-139-R002 | Every displayed high-impact calculated result can identify the algorithm/version used.,0.1343,ENG-312-R001 | Medical OS MUST be able to reconstruct why a clinically consequential state/recommendation was shown at a historical time.,0.1161,"ENG-312-R002 | Replay inputs include facts available at T, knowledge/algorithm/terminology versions, configuration, authorization context, Patient State projection, application/schema release and AI task/model configuration when used.",0.0995,MANUAL_ATOMIC_REVIEW,PENDING_EXPLICIT_APPROVAL
PROD-146-R002,PROD-146,ACTIVE,C4,"Replay supports safety investigation, quality review and incident analysis.",ENG-139-R003 | Historical versions remain replayable/buildable or have preserved executable artifact plus sufficient manifest/source for investigation.,0.3085,ENG-312-R003 | Replay is deterministic where the original function was deterministic; nondeterministic AI outputs preserve original output/config and are not regenerated as historical truth.,0.2181,"ENG-312-R002 | Replay inputs include facts available at T, knowledge/algorithm/terminology versions, configuration, authorization context, Patient State projection, application/schema release and AI task/model configuration when used.",0.1791,CANDIDATE_MODERATE,PENDING_EXPLICIT_APPROVAL
PROD-146-R003,PROD-146,ACTIVE,C2,Historical AI output is preserved as historical output rather than regenerated and substituted.,ENG-312-R003 | Replay is deterministic where the original function was deterministic; nondeterministic AI outputs preserve original output/config and are not regenerated as historical truth.,0.3343,ENG-139-R003 | Historical versions remain replayable/buildable or have preserved executable artifact plus sufficient manifest/source for investigation.,0.2079,ENG-312-R001 | Medical OS MUST be able to reconstruct why a clinically consequential state/recommendation was shown at a historical time.,0.082,CANDIDATE_MODERATE,PENDING_EXPLICIT_APPROVAL
PROD-147-R001,PROD-147,ACTIVE,C5,"When a clinically consequential algorithm, knowledge artifact, parser, terminology release, AI task or software defect is discovered, authorized governance users can identify potentially affected patient interactions and unresolved follow-up.",ENG-207-R005 | Silent critical-result/follow-up loss.,0.531,"ENG-045-R004 | • Wrong-patient, result follow-up, ordering, medication, alert fatigue, duplicate patient and downtime are mandatory hazard families.",0.4117,"ENG-313-R001 | Provide governed reverse-trace queries from defective/superseded algorithm, knowledge artifact, terminology release, parser, AI task/model, migration or software release to affected executions, patients, displayed output",0.2372,CANDIDATE_STRONG,PENDING_EXPLICIT_APPROVAL
PROD-147-R002,PROD-147,ACTIVE,C3,"Impact analysis is governed, audited and privacy-preserving.",ENG-313-R002 | Impact analysis is purpose/authorization scoped and privacy-preserving.,0.7512,ENG-207-R002 | Wrong-patient high-impact mutation.,0.3567,ENG-207-R010 | Failed critical invariant or inability to reconstruct a high-impact action.,0.27,CANDIDATE_STRONG,PENDING_EXPLICIT_APPROVAL
PROD-147-R003,PROD-147,ACTIVE,C4,This capability supports recalls/corrections and does not itself change clinical records.,ENG-313-R003 | High-impact recalls/defects MUST have an operational runbook using this capability.,0.3062,"ENG-313-R001 | Provide governed reverse-trace queries from defective/superseded algorithm, knowledge artifact, terminology release, parser, AI task/model, migration or software release to affected executions, patients, displayed output",0,ENG-313-R002 | Impact analysis is purpose/authorization scoped and privacy-preserving.,0,CANDIDATE_MODERATE,PENDING_EXPLICIT_APPROVAL
PROD-148-R001,PROD-148,ACTIVE,C2,"Medical OS may show explainable trust dimensions such as source, verification, recency, identity match, terminology resolution, unit verification, completeness and conflict.","ENG-317-R001 | Represent trust as explainable dimensions rather than a single opaque score: source, verification, recency, identity match, terminology resolution, unit verification, completeness and conflict state.",0.7309,"ENG-158-R001 | Track completeness, validity, plausibility, consistency, timeliness, provenance, verification, uniqueness and terminology resolution per fact/purpose.",0.2409,ENG-317-R003 | Trust dimensions influence display/reconciliation/applicability but never erase provenance.,0.156,CANDIDATE_STRONG,PENDING_EXPLICIT_APPROVAL
PROD-148-R002,PROD-148,ACTIVE,C2,The product should avoid opaque trust percentages unless independently validated.,ENG-317-R002 | Do not fabricate a numerical trust percentage without a validated model.,0.1737,"ENG-317-R001 | Represent trust as explainable dimensions rather than a single opaque score: source, verification, recency, identity match, terminology resolution, unit verification, completeness and conflict state.",0.1333,ENG-317-R003 | Trust dimensions influence display/reconciliation/applicability but never erase provenance.,0.0544,MANUAL_ATOMIC_REVIEW,PENDING_EXPLICIT_APPROVAL
PROD-148-R003,PROD-148,ACTIVE,C3,Trust metadata supports interpretation but never hides provenance.,ENG-317-R003 | Trust dimensions influence display/reconciliation/applicability but never erase provenance.,0.3673,"ENG-158-R001 | Track completeness, validity, plausibility, consistency, timeliness, provenance, verification, uniqueness and terminology resolution per fact/purpose.",0.1507,ENG-317-R002 | Do not fabricate a numerical trust percentage without a validated model.,0.0693,CANDIDATE_MODERATE,PENDING_EXPLICIT_APPROVAL
PROD-149-R001,PROD-149,ACTIVE,C5,"Clinical behavior can adapt to pediatric, pregnancy, geriatric, renal, hepatic, anticoagulation, immunocompromised and other governed contexts.",ENG-071-R003 | • Life-stage context (neonatal/pediatric/adult/geriatric/pregnancy) can activate cross-specialty rules.,0.4321,"ENG-319-R001 | Define typed clinical contexts such as PediatricContext, PregnancyContext, GeriatricContext, RenalContext, HepaticContext, AnticoagulationContext and ImmunocompromisedContext.",0.2594,"ENG-148-R001 | Applicability may depend on age, life stage, pregnancy/context, jurisdiction, problem state, medication, renal/hepatic state, encounter context and time.",0.1726,CANDIDATE_STRONG,PENDING_EXPLICIT_APPROVAL
PROD-149-R002,PROD-149,ACTIVE,C2,Context changes can alter which recommendations/calculations are applicable.,ENG-071-R003 | • Life-stage context (neonatal/pediatric/adult/geriatric/pregnancy) can activate cross-specialty rules.,0.0647,ENG-319-R003 | Context activation has provenance and effective time.,0.0643,"ENG-148-R001 | Applicability may depend on age, life stage, pregnancy/context, jurisdiction, problem state, medication, renal/hepatic state, encounter context and time.",0.0571,MANUAL_ATOMIC_REVIEW,PENDING_EXPLICIT_APPROVAL
PROD-149-R003,PROD-149,ACTIVE,C2,Medical OS must show when required context is missing or conflicting rather than silently assuming.,ENG-148-R002 | Missing applicability facts produce unknown/insufficient-information state rather than defaults.,0.3967,ENG-148-R004 | Unresolved clinically meaningful conflict is surfaced rather than hidden.,0.1587,ENG-319-R002 | Knowledge/algorithms declare required/optional/exclusion contexts rather than scattering hard-coded conditionals.,0.1536,CANDIDATE_STRONG,PENDING_EXPLICIT_APPROVAL
PROD-150-R001,PROD-150,ACTIVE,C5,"Weight-dependent pediatric calculations must make the weight used, its date/source and formulation/concentration context available for verification.","ENG-318-R002 | Every weight-dependent calculation preserves weight_used, weight_date, weight_source and verification state.",0.4664,"ENG-341-R001 | Every weight-dependent medication calculation records drug/formulation/concentration/route, weight_used, weight_date/source, dose basis, algorithm/knowledge version, calculated dose, capped dose when applicable, administ",0.4173,ENG-318-R003 | Latest weight is not automatically the correct dose weight.,0.2944,CANDIDATE_STRONG,PENDING_EXPLICIT_APPROVAL
PROD-150-R002,PROD-150,ACTIVE,C5,The most recent weight is not automatically assumed to be the correct dose weight.,ENG-318-R003 | Latest weight is not automatically the correct dose weight.,0.6436,"ENG-318-R002 | Every weight-dependent calculation preserves weight_used, weight_date, weight_source and verification state.",0.3281,"ENG-341-R001 | Every weight-dependent medication calculation records drug/formulation/concentration/route, weight_used, weight_date/source, dose basis, algorithm/knowledge version, calculated dose, capped dose when applicable, administ",0.2626,CANDIDATE_STRONG,PENDING_EXPLICIT_APPROVAL
PROD-150-R003,PROD-150,ACTIVE,C5,Unsupported or ambiguous inputs can produce NOT_COMPUTABLE rather than a guessed dose.,"ENG-318-R004 | Unknown/ambiguous concentration, route, unit or weight can force NOT_COMPUTABLE.",0.2849,ENG-318-R003 | Latest weight is not automatically the correct dose weight.,0.1008,ENG-021-R001 | Calculated dose and prescribed dose remain distinct. Stale weight triggers explicit warning according to governed policy; the calculator never signs the prescription.,0.0902,CANDIDATE_MODERATE,PENDING_EXPLICIT_APPROVAL
PROD-151-R001,PROD-151,ACTIVE,C4,Clinically consequential calculators and decision-support capabilities define when they are supported and when they must abstain.,"ENG-320-R001 | Every clinically consequential computation declares supported inputs/context, unsupported conditions, preconditions, exclusions, output semantics and explicit failure/abstention states.",0.1744,"ENG-320-R002 | Unsupported/ambiguous input MUST fail as NOT_COMPUTABLE, INSUFFICIENT_DATA, CONFLICTING_DATA or another typed state rather than best-effort clinical guessing.",0,ENG-320-R003 | Safety envelope changes require versioning and validation.,0,MANUAL_ATOMIC_REVIEW,PENDING_EXPLICIT_APPROVAL
PROD-151-R002,PROD-151,ACTIVE,C2,"Unsupported, ambiguous, conflicting or insufficient data produce explicit non-computable/degraded states.","ENG-320-R002 | Unsupported/ambiguous input MUST fail as NOT_COMPUTABLE, INSUFFICIENT_DATA, CONFLICTING_DATA or another typed state rather than best-effort clinical guessing.",0.4682,"ENG-320-R001 | Every clinically consequential computation declares supported inputs/context, unsupported conditions, preconditions, exclusions, output semantics and explicit failure/abstention states.",0.2589,"ENG-338-R001 | Algorithm manifests gain supportedContexts, unsupportedContexts, requiredInputs, ambiguityRules, abstentionStates, outputAuthority, clinicalRiskClass and validationEvidence references.",0.1111,CANDIDATE_STRONG,PENDING_EXPLICIT_APPROVAL
PROD-151-R003,PROD-151,ACTIVE,C4,Medical OS must never disguise an unsupported computation as a precise clinical answer.,"ENG-320-R001 | Every clinically consequential computation declares supported inputs/context, unsupported conditions, preconditions, exclusions, output semantics and explicit failure/abstention states.",0.1364,"ENG-320-R002 | Unsupported/ambiguous input MUST fail as NOT_COMPUTABLE, INSUFFICIENT_DATA, CONFLICTING_DATA or another typed state rather than best-effort clinical guessing.",0.0818,ENG-320-R003 | Safety envelope changes require versioning and validation.,0,MANUAL_ATOMIC_REVIEW,PENDING_EXPLICIT_APPROVAL
PROD-152-R001,PROD-152,ACTIVE,C4,Medical OS AI is presented as bounded clinical/administrative capabilities rather than one omnipotent agent.,ENG-336-R001 | Replay/Impact services are read-oriented privileged capabilities with strict purpose authorization and comprehensive audit.,0.0842,"ENG-152-R003 | Graph queries are bounded by purpose, edge type, depth and time window.",0.0813,"ENG-336-R003 | Large impact queries use bounded, resumable jobs and privacy-safe exports.",0.0647,MANUAL_ATOMIC_REVIEW,PENDING_EXPLICIT_APPROVAL
PROD-152-R002,PROD-152,ACTIVE,C4,Each clinical AI capability has a defined purpose and authority boundary.,"ENG-152-R003 | Graph queries are bounded by purpose, edge type, depth and time window.",0.114,ENG-336-R001 | Replay/Impact services are read-oriented privileged capabilities with strict purpose authorization and comprehensive audit.,0.081,ENG-152-R001 | Patient graph contains clinically meaningful nodes and typed temporal edges only; never materialize every possible relationship.,0,MANUAL_ATOMIC_REVIEW,PENDING_EXPLICIT_APPROVAL
PROD-152-R003,PROD-152,ACTIVE,C4,"High-impact AI remains reviewable, evidence-aware and capable of abstention.","ENG-336-R003 | Large impact queries use bounded, resumable jobs and privacy-safe exports.",0.2047,ENG-336-R001 | Replay/Impact services are read-oriented privileged capabilities with strict purpose authorization and comprehensive audit.,0.1826,ENG-152-R004 | Every graph-derived clinical fact remains source/provenance linked.,0.0795,MANUAL_ATOMIC_REVIEW,PENDING_EXPLICIT_APPROVAL
PROD-153-R001,PROD-153,ACTIVE,C4,"Where a clinical AI output makes claims, Medical OS should distinguish directly supported claims, inferential claims and unsupported/unknown claims when feasible.","ENG-322-R001 | For AI outputs containing clinical claims, track claim-level evidence coverage where technically feasible: directly supported, inferential, unsupported/unknown.",0.5817,ENG-168-R005 | High-impact evidence-grounded claims link to supplied source IDs/spans where feasible.,0.2527,"ENG-322-R002 | Unsupported high-impact claims MUST be suppressed, marked or routed to verification according to task policy.",0.2466,CANDIDATE_STRONG,PENDING_EXPLICIT_APPROVAL
PROD-153-R002,PROD-153,ACTIVE,C4,Unsupported high-impact claims cannot be presented as verified clinical truth.,"ENG-322-R002 | Unsupported high-impact claims MUST be suppressed, marked or routed to verification according to task policy.",0.4695,ENG-168-R005 | High-impact evidence-grounded claims link to supplied source IDs/spans where feasible.,0.3756,"ENG-322-R001 | For AI outputs containing clinical claims, track claim-level evidence coverage where technically feasible: directly supported, inferential, unsupported/unknown.",0.1745,CANDIDATE_STRONG,PENDING_EXPLICIT_APPROVAL
PROD-153-R003,PROD-153,ACTIVE,C4,Evidence coverage is more important than a single opaque confidence score.,ENG-322-R003 | A global confidence score cannot substitute for claim-level grounding.,0.2245,"ENG-322-R001 | For AI outputs containing clinical claims, track claim-level evidence coverage where technically feasible: directly supported, inferential, unsupported/unknown.",0.1242,ENG-168-R005 | High-impact evidence-grounded claims link to supplied source IDs/spans where feasible.,0.0328,CANDIDATE_MODERATE,PENDING_EXPLICIT_APPROVAL
PROD-154-R001,PROD-154,ACTIVE,C4,"Patients receive an understandable action plan focused on what to do, when, why, preparation, warning/escalation and completion.","ENG-242-R001 | Translate approved care plan into patient-facing actions: what, when, why, preparation, completion state, contact/escalation and barriers.",0.4236,"ENG-163-R002 | Every obligation has owner, due state, source, escalation, completion evidence and lifecycle.",0.1911,ENG-290-R004 | Result loop: receive/correct/review/action/communicate/reassess.,0.1371,CANDIDATE_STRONG,PENDING_EXPLICIT_APPROVAL
PROD-154-R002,PROD-154,ACTIVE,C5,Patient-reported barriers or adverse effects can enter a governed follow-up workflow.,ENG-290-R003 | Plan compile: create prescription/order/monitoring/follow-up without re-entry.,0.6172,ENG-290-R007 | Patient loop: action plan → barrier/comprehension → routed follow-up.,0.5802,"ENG-163-R003 | Independent reconciler detects results without review/owner, plans without obligations, monitoring without follow-up, failed communications, stuck workflows and stale projections.",0.4855,CANDIDATE_STRONG,PENDING_EXPLICIT_APPROVAL
PROD-154-R003,PROD-154,ACTIVE,C4,Patient input does not overwrite physician-verified facts.,ENG-242-R003 | Patient responses may create messages/candidate updates/obligations but cannot overwrite clinician-verified facts.,0.4328,ENG-290-R001 | Pre-visit: identify meaningful delta and pending obligations.,0,"ENG-290-R002 | Encounter: capture intent/goals, reason through hypothesis/evidence/uncertainty and approve plan.",0,CANDIDATE_STRONG,PENDING_EXPLICIT_APPROVAL
PROD-155-R001,PROD-155,ACTIVE,C4,"Medical OS may support comprehension checks and patient-reported barriers such as cost, access, scheduling, intolerance or uncertainty.","ENG-243-R001 | Support comprehension checks and reporting of barriers such as cost, access, scheduling or intolerance.",0.7857,"ENG-290-R002 | Encounter: capture intent/goals, reason through hypothesis/evidence/uncertainty and approve plan.",0.243,ENG-243-R003 | Clinically important barriers route to an owner/obligation instead of disappearing into messages.,0.157,CANDIDATE_STRONG,PENDING_EXPLICIT_APPROVAL
PROD-155-R002,PROD-155,ACTIVE,C4,Clinically important barriers can route to an accountable owner.,ENG-243-R003 | Clinically important barriers route to an owner/obligation instead of disappearing into messages.,0.6091,"ENG-243-R001 | Support comprehension checks and reporting of barriers such as cost, access, scheduling or intolerance.",0.2068,ENG-155-R004 | UI/read models must know and expose clinically relevant freshness/degradation.,0.0716,CANDIDATE_STRONG,PENDING_EXPLICIT_APPROVAL
PROD-155-R003,PROD-155,ACTIVE,C4,Patient-facing language should be understandable without changing clinical meaning.,"ENG-243-R001 | Support comprehension checks and reporting of barriers such as cost, access, scheduling or intolerance.",0,ENG-243-R002 | Barrier data is patient-reported unless verified otherwise.,0,ENG-243-R003 | Clinically important barriers route to an owner/obligation instead of disappearing into messages.,0,MANUAL_ATOMIC_REVIEW,PENDING_EXPLICIT_APPROVAL
PROD-156-R001,PROD-156,ACTIVE,C4,"Medical OS supports coordinated responsibilities across physician, nursing, assistants, reception, laboratory, pharmacy, care coordination, specialists, patient and caregiver according to role and context.","ENG-244-R001 | Model physician, nurse, assistant, reception, laboratory, pharmacy, care coordinator, specialist, patient and caregiver responsibilities through scoped roles/capabilities.",0.3875,"ENG-244-R002 | Work is routed by responsibility, relationship, purpose and urgency.",0,ENG-244-R003 | No task can become ownerless because a staff member is deactivated; reassignment/reconciliation is mandatory.,0,CANDIDATE_STRONG,PENDING_EXPLICIT_APPROVAL
PROD-156-R002,PROD-156,ACTIVE,C4,Clinically important work has a responsible owner and escalation path.,"ENG-244-R002 | Work is routed by responsibility, relationship, purpose and urgency.",0.0964,ENG-156-R002 | For selected facts preserve valid-time and system-time so the platform can answer what was clinically true and what Medical OS knew at a historical moment.,0.0483,"ENG-244-R001 | Model physician, nurse, assistant, reception, laboratory, pharmacy, care coordinator, specialist, patient and caregiver responsibilities through scoped roles/capabilities.",0,MANUAL_ATOMIC_REVIEW,PENDING_EXPLICIT_APPROVAL
PROD-156-R003,PROD-156,ACTIVE,C5,Staff changes cannot make critical work disappear.,ENG-244-R003 | No task can become ownerless because a staff member is deactivated; reassignment/reconciliation is mandatory.,0.1535,"ENG-244-R002 | Work is routed by responsibility, relationship, purpose and urgency.",0.1062,"ENG-244-R001 | Model physician, nurse, assistant, reception, laboratory, pharmacy, care coordinator, specialist, patient and caregiver responsibilities through scoped roles/capabilities.",0,MANUAL_ATOMIC_REVIEW,PENDING_EXPLICIT_APPROVAL
PROD-157-R001,PROD-157,ACTIVE,C4,"Referral workflow preserves reason, urgency, clinical question, relevant evidence, requested output and expected return.","ENG-245-R001 | Referral captures reason, urgency, clinical question, relevant evidence, medications, requested output and expected return state.",0.713,ENG-245-R003 | Referral sent ≠ accepted ≠ completed ≠ reconciled.,0.1437,"ENG-247-R001 | Command Center should surface clinical-operational work: critical/unreviewed results, overdue obligations, referral loops, failed communications, no-shows needing action, duplicate-patient candidates and degraded service",0.0741,CANDIDATE_STRONG,PENDING_EXPLICIT_APPROVAL
PROD-157-R002,PROD-157,ACTIVE,C5,"Specialist response is reconciled into diagnoses, medications, results, recommendations and obligations as appropriate.","ENG-245-R002 | Incoming specialist response triggers reconciliation of diagnoses, medications, recommendations, results and obligations.",0.7819,"ENG-245-R001 | Referral captures reason, urgency, clinical question, relevant evidence, medications, requested output and expected return state.",0.2473,"ENG-247-R001 | Command Center should surface clinical-operational work: critical/unreviewed results, overdue obligations, referral loops, failed communications, no-shows needing action, duplicate-patient candidates and degraded service",0.162,CANDIDATE_STRONG,PENDING_EXPLICIT_APPROVAL
PROD-157-R003,PROD-157,ACTIVE,C2,A sent referral is not automatically a closed referral.,ENG-245-R003 | Referral sent ≠ accepted ≠ completed ≠ reconciled.,0.5287,"ENG-245-R001 | Referral captures reason, urgency, clinical question, relevant evidence, medications, requested output and expected return state.",0.1914,"ENG-247-R001 | Command Center should surface clinical-operational work: critical/unreviewed results, overdue obligations, referral loops, failed communications, no-shows needing action, duplicate-patient candidates and degraded service",0.1632,CANDIDATE_STRONG,PENDING_EXPLICIT_APPROVAL
PROD-158-R001,PROD-158,ACTIVE,C4,"Clinical communications may be classified/routed by intent, urgency, context and owner, with AI-assisted drafts where appropriate.","ENG-246-R001 | Classify message intent/urgency/context, propose routing and draft response, and create obligation when appropriate.",0.3145,ENG-290-R007 | Patient loop: action plan → barrier/comprehension → routed follow-up.,0.1185,"ENG-290-R002 | Encounter: capture intent/goals, reason through hypothesis/evidence/uncertainty and approve plan.",0.0811,CANDIDATE_MODERATE,PENDING_EXPLICIT_APPROVAL
PROD-158-R002,PROD-158,ACTIVE,C2,Potentially urgent messages cannot be silently suppressed or closed by unvalidated AI.,ENG-246-R002 | AI classification cannot suppress or close potentially urgent clinical messages without validated deterministic safety controls/human review.,0.3929,ENG-268-R003 | Knowledge cannot silently individualize a target without required patient/context inputs and physician authority.,0.1314,"ENG-246-R003 | Message state includes received, triaged, assigned, responded, awaiting-patient, escalated and closed.",0.0843,CANDIDATE_STRONG,PENDING_EXPLICIT_APPROVAL
PROD-158-R003,PROD-158,ACTIVE,C5,Messages can create accountable follow-up work.,ENG-290-R003 | Plan compile: create prescription/order/monitoring/follow-up without re-entry.,0.7315,ENG-290-R007 | Patient loop: action plan → barrier/comprehension → routed follow-up.,0.6505,"ENG-268-R001 | Knowledge artifacts may define recommended goals, monitoring, expected follow-up intervals, evidence requirements and care-plan relationships.",0.6044,CANDIDATE_STRONG,PENDING_EXPLICIT_APPROVAL
PROD-159-R001,PROD-159,ACTIVE,C5,"Command Center can prioritize unreviewed/critical results, overdue obligations, failed communication, incomplete referrals, selected no-show follow-up, duplicate-patient candidates and degraded services.","ENG-216-R001 | Compile an approved clinical plan into typed downstream work: prescription candidates, orders, monitoring requirements, expected results, obligations, referrals, follow-up, patient instructions and communications.",0.5685,"ENG-163-R003 | Independent reconciler detects results without review/owner, plans without obligations, monitoring without follow-up, failed communications, stuck workflows and stale projections.",0.5205,"ENG-247-R001 | Command Center should surface clinical-operational work: critical/unreviewed results, overdue obligations, referral loops, failed communications, no-shows needing action, duplicate-patient candidates and degraded service",0.4967,CANDIDATE_STRONG,PENDING_EXPLICIT_APPROVAL
PROD-159-R002,PROD-159,ACTIVE,C4,Operational prioritization must preserve clinical severity.,ENG-247-R002 | Operational prioritization must not obscure clinical severity.,0.7519,"ENG-247-R001 | Command Center should surface clinical-operational work: critical/unreviewed results, overdue obligations, referral loops, failed communications, no-shows needing action, duplicate-patient candidates and degraded service",0.082,"ENG-163-R001 | Obligations may originate from plan, order, result, medication monitoring, referral, preventive care or knowledge artifact.",0,CANDIDATE_STRONG,PENDING_EXPLICIT_APPROVAL
PROD-159-R003,PROD-159,ACTIVE,C4,The physician/team should know what needs attention without searching across modules.,"ENG-247-R001 | Command Center should surface clinical-operational work: critical/unreviewed results, overdue obligations, referral loops, failed communications, no-shows needing action, duplicate-patient candidates and degraded service",0,ENG-247-R002 | Operational prioritization must not obscure clinical severity.,0,"ENG-163-R001 | Obligations may originate from plan, order, result, medication monitoring, referral, preventive care or knowledge artifact.",0,MANUAL_ATOMIC_REVIEW,PENDING_EXPLICIT_APPROVAL
PROD-160-R001,PROD-160,ACTIVE,C2,"Medical OS may automate low-risk administrative actions such as reminders, scheduling support, routing and document preparation under explicit permissions.","ENG-248-R001 | Permit higher automation for low-risk scheduling, reminders, document preparation, routing and administrative reconciliation under explicit capabilities.",0.6593,"ENG-248-R003 | Administrative automation cannot silently mutate diagnoses, prescriptions, verified clinical facts or critical-result closure.",0.1044,"ENG-169-R001 | C4/C5 AI cannot sign, prescribe, close critical results, confirm diagnoses, alter verified facts or complete high-impact obligations without explicit authorized human action under the current intended use.",0.0722,CANDIDATE_STRONG,PENDING_EXPLICIT_APPROVAL
PROD-160-R002,PROD-160,ACTIVE,C4,Autonomy decreases as clinical consequence rises.,ENG-248-R002 | Autonomy decreases as clinical consequence rises.,1,"ENG-248-R001 | Permit higher automation for low-risk scheduling, reminders, document preparation, routing and administrative reconciliation under explicit capabilities.",0,"ENG-248-R003 | Administrative automation cannot silently mutate diagnoses, prescriptions, verified clinical facts or critical-result closure.",0,CANDIDATE_STRONG,PENDING_EXPLICIT_APPROVAL
PROD-160-R003,PROD-160,ACTIVE,C5,"Administrative automation cannot silently alter diagnoses, prescriptions, verified facts or critical-result closure.","ENG-248-R003 | Administrative automation cannot silently mutate diagnoses, prescriptions, verified clinical facts or critical-result closure.",0.9096,"ENG-169-R001 | C4/C5 AI cannot sign, prescribe, close critical results, confirm diagnoses, alter verified facts or complete high-impact obligations without explicit authorized human action under the current intended use.",0.3874,"ENG-248-R001 | Permit higher automation for low-risk scheduling, reminders, document preparation, routing and administrative reconciliation under explicit capabilities.",0.204,CANDIDATE_STRONG,PENDING_EXPLICIT_APPROVAL
PROD-161-R001,PROD-161,ACTIVE,C5,"Organizations may monitor closed-loop completion, result review, monitoring gaps, referral closure, care-gap resolution, alert effectiveness, documentation completeness and workflow burden.","ENG-249-R001 | Measure closed-loop completion, monitoring gaps, result review, referral closure, care-gap resolution, alert effectiveness, documentation completeness and workflow burden.",0.9009,"ENG-163-R001 | Obligations may originate from plan, order, result, medication monitoring, referral, preventive care or knowledge artifact.",0.2735,"ENG-163-R003 | Independent reconciler detects results without review/owner, plans without obligations, monitoring without follow-up, failed communications, stuck workflows and stale projections.",0.1592,CANDIDATE_STRONG,PENDING_EXPLICIT_APPROVAL
PROD-161-R002,PROD-161,ACTIVE,C2,Metric definitions are versioned and interpretable.,ENG-249-R002 | Quality metrics preserve denominator/version definitions and are not silently reinterpreted after knowledge updates.,0.2432,"ENG-249-R001 | Measure closed-loop completion, monitoring gaps, result review, referral closure, care-gap resolution, alert effectiveness, documentation completeness and workflow burden.",0,ENG-249-R003 | Separate quality improvement analytics from punitive individual surveillance by policy.,0,CANDIDATE_MODERATE,PENDING_EXPLICIT_APPROVAL
PROD-161-R003,PROD-161,ACTIVE,C2,Quality improvement analytics are separated from punitive individual surveillance by default.,ENG-249-R003 | Separate quality improvement analytics from punitive individual surveillance by policy.,0.8357,ENG-249-R002 | Quality metrics preserve denominator/version definitions and are not silently reinterpreted after knowledge updates.,0.0977,"ENG-249-R001 | Measure closed-loop completion, monitoring gaps, result review, referral closure, care-gap resolution, alert effectiveness, documentation completeness and workflow burden.",0,CANDIDATE_STRONG,PENDING_EXPLICIT_APPROVAL
PROD-162-R001,PROD-162,ACTIVE,C2,"Medical OS may learn from workflow outcomes, overrides, alert burden, near misses and operational data through governed review.","ENG-250-R002 | Telemetry may open governance hypotheses: poor applicability, alert burden, workflow friction, model drift or knowledge gaps.",0.1886,"ENG-254-R002 | Report trigger counts, changed populations, severity changes, workload/alert burden and unresolved cases.",0.1541,ENG-250-R003 | Any change proceeds through source/review/validation/shadow/canary/release.,0.1062,MANUAL_ATOMIC_REVIEW,PENDING_EXPLICIT_APPROVAL
PROD-162-R002,PROD-162,ACTIVE,C4,Production clinical rules do not silently self-modify.,ENG-250-R001 | Production behavior never self-modifies from usage telemetry.,0.3565,ENG-254-R001 | Run candidate rules/knowledge/workflow changes retrospectively on synthetic or appropriately governed datasets before activation.,0.0935,"ENG-250-R004 | Clinician override is evidence for review, not automatic proof that a rule is wrong.",0.0257,CANDIDATE_MODERATE,PENDING_EXPLICIT_APPROVAL
PROD-162-R003,PROD-162,ACTIVE,C2,Telemetry generates hypotheses for improvement; validated governance produces changes.,"ENG-250-R002 | Telemetry may open governance hypotheses: poor applicability, alert burden, workflow friction, model drift or knowledge gaps.",0.2674,ENG-250-R001 | Production behavior never self-modifies from usage telemetry.,0.1216,ENG-254-R001 | Run candidate rules/knowledge/workflow changes retrospectively on synthetic or appropriately governed datasets before activation.,0.055,CANDIDATE_MODERATE,PENDING_EXPLICIT_APPROVAL
PROD-163-R001,PROD-163,ACTIVE,C2,Medical OS may support observational outcome analysis with explicit missingness/confounding limitations.,"ENG-251-R001 | Support privacy-governed observational outcome analysis with cohort definition, provenance, missingness and confounding warnings.",0.6514,ENG-251-R002 | Do not present observational association as causal treatment effect.,0.2071,ENG-251-R003 | Research/real-world-evidence functions are separated from point-of-care clinical authority unless independently validated.,0,CANDIDATE_STRONG,PENDING_EXPLICIT_APPROVAL
PROD-163-R002,PROD-163,ACTIVE,C2,Correlation must not be presented as causal treatment effect.,ENG-251-R002 | Do not present observational association as causal treatment effect.,0.5048,"ENG-251-R001 | Support privacy-governed observational outcome analysis with cohort definition, provenance, missingness and confounding warnings.",0,ENG-251-R003 | Research/real-world-evidence functions are separated from point-of-care clinical authority unless independently validated.,0,CANDIDATE_STRONG,PENDING_EXPLICIT_APPROVAL
PROD-163-R003,PROD-163,ACTIVE,C4,Research/analytics output does not automatically become point-of-care clinical authority.,ENG-251-R003 | Research/real-world-evidence functions are separated from point-of-care clinical authority unless independently validated.,0.3872,"ENG-163-R001 | Obligations may originate from plan, order, result, medication monitoring, referral, preventive care or knowledge artifact.",0.08,ENG-251-R002 | Do not present observational association as causal treatment effect.,0.0167,CANDIDATE_STRONG,PENDING_EXPLICIT_APPROVAL
PROD-165-R001,PROD-165,ACTIVE,C2,Authorized teams can simulate candidate rule/knowledge/workflow changes on synthetic or governed retrospective data before activation.,ENG-254-R001 | Run candidate rules/knowledge/workflow changes retrospectively on synthetic or appropriately governed datasets before activation.,0.418,ENG-149-R003 | Estimate blast radius for high-impact changes before activation using privacy-governed aggregate analysis.,0.1883,"ENG-149-R002 | Before activation compare old/new behavior over synthetic cohorts: newly triggered, removed, severity-changed, timing-changed and population-changed outputs.",0.1362,CANDIDATE_STRONG,PENDING_EXPLICIT_APPROVAL
PROD-165-R002,PROD-165,ACTIVE,C2,Simulation shows population/workload/alert impact and unresolved cases.,"ENG-254-R002 | Report trigger counts, changed populations, severity changes, workload/alert burden and unresolved cases.",0.3498,ENG-149-R003 | Estimate blast radius for high-impact changes before activation using privacy-governed aggregate analysis.,0.2398,ENG-254-R003 | Simulation never commits clinical actions.,0.2308,CANDIDATE_MODERATE,PENDING_EXPLICIT_APPROVAL
PROD-165-R003,PROD-165,ACTIVE,C4,Simulation never commits clinical actions.,ENG-254-R003 | Simulation never commits clinical actions.,1,ENG-165-R004 | Corrections are append-only amendments; signed content is never silently overwritten.,0.0608,ENG-254-R001 | Run candidate rules/knowledge/workflow changes retrospectively on synthetic or appropriately governed datasets before activation.,0,CANDIDATE_STRONG,PENDING_EXPLICIT_APPROVAL
PROD-167-R001,PROD-167,ACTIVE,C2,Externally imported data must preserve source and trust/verification status.,"ENG-316-R001 | External FHIR/HL7/DICOM/document/API data enters through validation, identity resolution, terminology normalization, unit validation, provenance, trust classification and semantic mapping before becoming Medical OS domai",0.0709,"ENG-039-R002 | • FHIR R5 is current published HL7 version, but implementation profiles/version are negotiated per integration/country; preserve compatibility strategy.",0.0668,ENG-316-R002 | External payloads are untrusted input; interoperability adapters cannot bypass domain invariants or authorization.,0,MANUAL_ATOMIC_REVIEW,PENDING_EXPLICIT_APPROVAL
PROD-167-R002,PROD-167,ACTIVE,C2,FHIR/HL7/DICOM/document imports cannot appear indistinguishable from locally verified information by default.,"ENG-316-R003 | FHIR remains an interoperability boundary, not the internal clinical ontology.",0.3049,ENG-316-R002 | External payloads are untrusted input; interoperability adapters cannot bypass domain invariants or authorization.,0.2484,"ENG-316-R001 | External FHIR/HL7/DICOM/document/API data enters through validation, identity resolution, terminology normalization, unit validation, provenance, trust classification and semantic mapping before becoming Medical OS domai",0.2407,CANDIDATE_MODERATE,PENDING_EXPLICIT_APPROVAL
PROD-167-R003,PROD-167,ACTIVE,C4,Identity or terminology ambiguity must be visible when clinically relevant.,"ENG-316-R001 | External FHIR/HL7/DICOM/document/API data enters through validation, identity resolution, terminology normalization, unit validation, provenance, trust classification and semantic mapping before becoming Medical OS domai",0.1209,ENG-039-R003 | • Terminology service stores canonical + original codes.,0.1068,ENG-316-R002 | External payloads are untrusted input; interoperability adapters cannot bypass domain invariants or authorization.,0,MANUAL_ATOMIC_REVIEW,PENDING_EXPLICIT_APPROVAL
PROD-168-R001,PROD-168,ACTIVE,C4,"Medical OS may support FOCUSED, STANDARD and DENSE presentation profiles without changing clinical meaning.","ENG-327-R001 | Support governed presentation profiles such as FOCUSED, STANDARD and DENSE without changing underlying clinical meaning or safety semantics.",0.8113,ENG-327-R002 | Density preference cannot suppress mandatory critical safety information.,0,ENG-327-R003 | Do not create hundreds of per-field customization switches that fragment validation.,0,CANDIDATE_STRONG,PENDING_EXPLICIT_APPROVAL
PROD-168-R002,PROD-168,ACTIVE,C4,Default views prioritize the most relevant information; deeper evidence/provenance remains rapidly accessible.,ENG-325-R001 | High-density clinical information follows progressive disclosure: priority signal → reason → evidence/context → provenance/version.,0.1654,ENG-325-R002 | Default view minimizes cognitive burden while preserving rapid drill-down.,0.0529,ENG-168-R005 | High-impact evidence-grounded claims link to supplied source IDs/spans where feasible.,0.0436,MANUAL_ATOMIC_REVIEW,PENDING_EXPLICIT_APPROVAL
PROD-168-R003,PROD-168,ACTIVE,C5,Critical safety information cannot be hidden by density preference.,ENG-327-R002 | Density preference cannot suppress mandatory critical safety information.,0.7645,ENG-325-R003 | Safety-critical context cannot be hidden behind an interaction that routinely prevents recognition.,0.3875,ENG-325-R001 | High-density clinical information follows progressive disclosure: priority signal → reason → evidence/context → provenance/version.,0.1738,CANDIDATE_STRONG,PENDING_EXPLICIT_APPROVAL
PROD-169-R001,PROD-169,ACTIVE,C5,"High-impact workflows are challenged for wrong-patient, wrong-dose/unit, false certainty, lost results, stale knowledge, misleading AI, alert fatigue and workflow dead ends before broad release.","ENG-330-R001 | Maintain an independent red-team program targeting wrong patient, wrong dose/unit, false certainty, lost result, misleading AI, stale knowledge, contradictory chart, unsafe override, alert fatigue and workflow dead ends.",0.6225,"ENG-169-R001 | C4/C5 AI cannot sign, prescribe, close critical results, confirm diagnoses, alter verified facts or complete high-impact obligations without explicit authorized human action under the current intended use.",0.2111,"ENG-045-R004 | • Wrong-patient, result follow-up, ordering, medication, alert fatigue, duplicate patient and downtime are mandatory hazard families.",0.2015,CANDIDATE_STRONG,PENDING_EXPLICIT_APPROVAL
PROD-169-R002,PROD-169,ACTIVE,C5,Critical findings feed product safety decisions and regression requirements.,ENG-330-R003 | Red-team findings feed hazard registry and regression corpus.,0.4892,ENG-169-R003 | Aggregate improvement cannot hide regression in a critical safety slice.,0.3489,"ENG-045-R003 | • Safety control types: preventive, detective, recovery.",0.2042,CANDIDATE_STRONG,PENDING_EXPLICIT_APPROVAL
PROD-169-R003,PROD-169,ACTIVE,C2,Synthetic testing does not replace representative clinician validation.,"ENG-330-R001 | Maintain an independent red-team program targeting wrong patient, wrong dose/unit, false certainty, lost result, misleading AI, stale knowledge, contradictory chart, unsafe override, alert fatigue and workflow dead ends.",0,ENG-330-R002 | Security defects capable of clinical harm are jointly triaged with clinical safety.,0,ENG-330-R003 | Red-team findings feed hazard registry and regression corpus.,0,MANUAL_ATOMIC_REVIEW,PENDING_EXPLICIT_APPROVAL
PROD-170-R001,PROD-170,ACTIVE,C4,"Every material feature must justify clinical, safety, cognitive-load or operational value against complexity, maintenance and new failure modes.","ENG-331-R001 | Every material feature must justify clinical value, cognitive-load reduction, safety value and operational value against implementation complexity, maintenance burden and new failure modes.",0.9048,"ENG-331-R003 | Complexity budget is an architecture-governance tool, not a numerical clinical score.",0.1022,ENG-170-R002 | Priority: patient identity → immediate safety → current task → current state → pending obligations/results → supporting history → AI/secondary intelligence.,0.0875,CANDIDATE_STRONG,PENDING_EXPLICIT_APPROVAL
PROD-170-R002,PROD-170,ACTIVE,C2,Features that merely add fields/screens/steps without sufficient value should not enter Medical OS.,ENG-331-R002 | Features that add steps/screens/fields without sufficient value should be rejected or redesigned.,0.7488,"ENG-331-R001 | Every material feature must justify clinical value, cognitive-load reduction, safety value and operational value against implementation complexity, maintenance burden and new failure modes.",0.0968,"ENG-331-R003 | Complexity budget is an architecture-governance tool, not a numerical clinical score.",0.0165,CANDIDATE_STRONG,PENDING_EXPLICIT_APPROVAL
PROD-170-R003,PROD-170,ACTIVE,C4,"Product growth is constrained by physician cognitive capacity, not feature count.","ENG-331-R001 | Every material feature must justify clinical value, cognitive-load reduction, safety value and operational value against implementation complexity, maintenance burden and new failure modes.",0.1562,"ENG-331-R003 | Complexity budget is an architecture-governance tool, not a numerical clinical score.",0.0189,ENG-331-R002 | Features that add steps/screens/fields without sufficient value should be rejected or redesigned.,0,MANUAL_ATOMIC_REVIEW,PENDING_EXPLICIT_APPROVAL
PROD-171-R001,PROD-171,ACTIVE,C4,A physician can distinguish verified fact from patient report/import/AI suggestion at a glance.,ENG-264-R002 | Reconciliation can create repair work but does not invent missing clinical facts.,0.0368,ENG-290-R001 | Pre-visit: identify meaningful delta and pending obligations.,0,"ENG-290-R002 | Encounter: capture intent/goals, reason through hypothesis/evidence/uncertainty and approve plan.",0,MANUAL_ATOMIC_REVIEW,PENDING_EXPLICIT_APPROVAL
PROD-171-R002,PROD-171,ACTIVE,C4,"A physician can identify what changed, what remains uncertain and what is still owed without opening multiple modules.",ENG-290-R001 | Pre-visit: identify meaningful delta and pending obligations.,0.078,"ENG-290-R002 | Encounter: capture intent/goals, reason through hypothesis/evidence/uncertainty and approve plan.",0.061,ENG-218-R003 | Unknown response remains UNKNOWN; missing follow-up cannot become treatment failure or success.,0.0353,MANUAL_ATOMIC_REVIEW,PENDING_EXPLICIT_APPROVAL
PROD-171-R003,PROD-171,ACTIVE,C4,An approved plan can create downstream work with visible physician control and no silent partial completion.,ENG-264-R002 | Reconciliation can create repair work but does not invent missing clinical facts.,0.1815,ENG-290-R003 | Plan compile: create prescription/order/monitoring/follow-up without re-entry.,0.118,"ENG-290-R002 | Encounter: capture intent/goals, reason through hypothesis/evidence/uncertainty and approve plan.",0.0758,MANUAL_ATOMIC_REVIEW,PENDING_EXPLICIT_APPROVAL
PROD-171-R004,PROD-171,ACTIVE,C5,A missing expected result remains detectable until resolved.,ENG-218-R001 | Link Goal → Intervention → Expected Result → Observed Result → Treatment Response → Reassessment.,0.3344,"ENG-264-R001 | Reconciliation jobs detect orphan goals, interventions without expected monitoring, expected results without returned result, responses without source evidence, obligations without owner and stale projections.",0.2797,ENG-264-R002 | Reconciliation can create repair work but does not invent missing clinical facts.,0.2708,CANDIDATE_MODERATE,PENDING_EXPLICIT_APPROVAL
PROD-171-R005,PROD-171,ACTIVE,C5,A corrected result can reopen affected follow-up.,ENG-290-R003 | Plan compile: create prescription/order/monitoring/follow-up without re-entry.,0.676,ENG-290-R007 | Patient loop: action plan → barrier/comprehension → routed follow-up.,0.6355,ENG-218-R003 | Unknown response remains UNKNOWN; missing follow-up cannot become treatment failure or success.,0.6084,CANDIDATE_STRONG,PENDING_EXPLICIT_APPROVAL
PROD-171-R006,PROD-171,ACTIVE,C5,A treatment can remain unable-to-assess when follow-up evidence is missing.,ENG-218-R003 | Unknown response remains UNKNOWN; missing follow-up cannot become treatment failure or success.,0.7469,ENG-290-R003 | Plan compile: create prescription/order/monitoring/follow-up without re-entry.,0.6251,ENG-290-R007 | Patient loop: action plan → barrier/comprehension → routed follow-up.,0.5876,CANDIDATE_STRONG,PENDING_EXPLICIT_APPROVAL
PROD-171-R007,PROD-171,ACTIVE,C2,An unsupported calculator refuses to guess.,ENG-290-R001 | Pre-visit: identify meaningful delta and pending obligations.,0,"ENG-290-R002 | Encounter: capture intent/goals, reason through hypothesis/evidence/uncertainty and approve plan.",0,ENG-290-R003 | Plan compile: create prescription/order/monitoring/follow-up without re-entry.,0,MANUAL_ATOMIC_REVIEW,PENDING_EXPLICIT_APPROVAL
PROD-171-R008,PROD-171,ACTIVE,C4,AI outage does not remove deterministic closed-loop clinical safety.,ENG-290-R006 | Referral loop: question → specialist response → reconciliation.,0.1559,ENG-290-R005 | Treatment loop: intervention → expected response → observed response → reassessment.,0.1455,ENG-290-R004 | Result loop: receive/correct/review/action/communicate/reassess.,0.1423,MANUAL_ATOMIC_REVIEW,PENDING_EXPLICIT_APPROVAL
PROD-172-R001,PROD-172,ACTIVE,C4,Do not present AI suggestion as verified clinical truth.,"ENG-172-R001 | Every high-risk surface documents user, patient/encounter context, read model, freshness, mutation, permission, information states, loading/error/degraded behavior and tests.",0,ENG-172-R002 | Every visible clinical status/control maps to a domain state/source/action/permission/test.,0,ENG-172-R003 | No decorative clinical-looking indicator without semantic contract.,0,MANUAL_ATOMIC_REVIEW,PENDING_EXPLICIT_APPROVAL
PROD-172-R002,PROD-172,ACTIVE,C2,Do not equate missing data with normal/negative.,ENG-298-R003 | No silent unknown→normal/negative.,0.3968,"ENG-172-R001 | Every high-risk surface documents user, patient/encounter context, read model, freshness, mutation, permission, information states, loading/error/degraded behavior and tests.",0,ENG-172-R002 | Every visible clinical status/control maps to a domain state/source/action/permission/test.,0,CANDIDATE_STRONG,PENDING_EXPLICIT_APPROVAL
PROD-172-R003,PROD-172,ACTIVE,C2,Do not close longitudinal work because an encounter closes.,ENG-298-R005 | No unowned critical work.,0.1768,"ENG-172-R001 | Every high-risk surface documents user, patient/encounter context, read model, freshness, mutation, permission, information states, loading/error/degraded behavior and tests.",0.0693,ENG-172-R002 | Every visible clinical status/control maps to a domain state/source/action/permission/test.,0,MANUAL_ATOMIC_REVIEW,PENDING_EXPLICIT_APPROVAL
PROD-172-R004,PROD-172,ACTIVE,C2,Do not silently choose among contradictory facts.,"ENG-172-R001 | Every high-risk surface documents user, patient/encounter context, read model, freshness, mutation, permission, information states, loading/error/degraded behavior and tests.",0,ENG-172-R002 | Every visible clinical status/control maps to a domain state/source/action/permission/test.,0,ENG-172-R003 | No decorative clinical-looking indicator without semantic contract.,0,MANUAL_ATOMIC_REVIEW,PENDING_EXPLICIT_APPROVAL
PROD-172-R005,PROD-172,ACTIVE,C2,Do not imply causality from temporal association.,"ENG-172-R001 | Every high-risk surface documents user, patient/encounter context, read model, freshness, mutation, permission, information states, loading/error/degraded behavior and tests.",0,ENG-172-R002 | Every visible clinical status/control maps to a domain state/source/action/permission/test.,0,ENG-172-R003 | No decorative clinical-looking indicator without semantic contract.,0,MANUAL_ATOMIC_REVIEW,PENDING_EXPLICIT_APPROVAL
PROD-172-R006,PROD-172,ACTIVE,C2,Do not hide degraded assistance as absence of risk.,"ENG-172-R001 | Every high-risk surface documents user, patient/encounter context, read model, freshness, mutation, permission, information states, loading/error/degraded behavior and tests.",0.1506,ENG-172-R002 | Every visible clinical status/control maps to a domain state/source/action/permission/test.,0,ENG-172-R003 | No decorative clinical-looking indicator without semantic contract.,0,MANUAL_ATOMIC_REVIEW,PENDING_EXPLICIT_APPROVAL
PROD-172-R007,PROD-172,ACTIVE,C5,Do not create unreviewable high-impact autonomous clinical actions.,ENG-298-R004 | No AI high-impact authority escalation.,0.5024,ENG-298-R006 | No high-impact derived fact without version/provenance.,0.3729,"ENG-172-R001 | Every high-risk surface documents user, patient/encounter context, read model, freshness, mutation, permission, information states, loading/error/degraded behavior and tests.",0.0356,CANDIDATE_STRONG,PENDING_EXPLICIT_APPROVAL
PROD-172-R008,PROD-172,ACTIVE,C2,Do not make clinicians feed the system with redundant data merely to maintain internal models.,"ENG-172-R001 | Every high-risk surface documents user, patient/encounter context, read model, freshness, mutation, permission, information states, loading/error/degraded behavior and tests.",0,ENG-172-R002 | Every visible clinical status/control maps to a domain state/source/action/permission/test.,0,ENG-172-R003 | No decorative clinical-looking indicator without semantic contract.,0,MANUAL_ATOMIC_REVIEW,PENDING_EXPLICIT_APPROVAL
PROD-173-R001,PROD-173,ACTIVE,C4,Time to understand Patient Computable State and meaningful delta.,ENG-290-R001 | Pre-visit: identify meaningful delta and pending obligations.,0.3005,ENG-308-R003 | An independent reconciler MUST detect violations from authoritative state rather than trusting workflow queues.,0.1795,"ENG-032-R002 | • Concordance Engine flags contradictions (allergy vs Rx, diagnosis vs problem state, impossible age/context, duplicated therapies, note vs structured record) for reconciliation.",0.1378,CANDIDATE_MODERATE,PENDING_EXPLICIT_APPROVAL
PROD-173-R002,PROD-173,ACTIVE,C2,Reduction in repeated data entry and information search.,ENG-290-R003 | Plan compile: create prescription/order/monitoring/follow-up without re-entry.,0.1133,ENG-290-R001 | Pre-visit: identify meaningful delta and pending obligations.,0,"ENG-290-R002 | Encounter: capture intent/goals, reason through hypothesis/evidence/uncertainty and approve plan.",0,MANUAL_ATOMIC_REVIEW,PENDING_EXPLICIT_APPROVAL
PROD-173-R003,PROD-173,ACTIVE,C5,Closed-loop completion and reduction in lost follow-up.,ENG-290-R007 | Patient loop: action plan → barrier/comprehension → routed follow-up.,0.6765,ENG-290-R003 | Plan compile: create prescription/order/monitoring/follow-up without re-entry.,0.6508,"ENG-032-R001 | • Omission Engine asks: what missing fact/action could materially change safety, differential, test, treatment or follow-up?",0.5249,CANDIDATE_STRONG,PENDING_EXPLICIT_APPROVAL
PROD-173-R004,PROD-173,ACTIVE,C4,Rate of unresolved contradictions/missing evidence where clinically relevant.,"ENG-032-R002 | • Concordance Engine flags contradictions (allergy vs Rx, diagnosis vs problem state, impossible age/context, duplicated therapies, note vs structured record) for reconciliation.",0.2602,"ENG-032-R001 | • Omission Engine asks: what missing fact/action could materially change safety, differential, test, treatment or follow-up?",0.1952,"ENG-308-R001 | For every applicable clinically relevant future action, exactly one accountable lifecycle MUST remain observable until completed, cancelled-with-reason, superseded or explicitly transferred.",0.0879,CANDIDATE_MODERATE,PENDING_EXPLICIT_APPROVAL
PROD-173-R005,PROD-173,ACTIVE,C2,Alert/interruption burden and actionable-signal ratio.,ENG-032-R004 | • All engines support suppression/expiration and measure usefulness to control alert fatigue.,0.0832,ENG-290-R001 | Pre-visit: identify meaningful delta and pending obligations.,0,"ENG-290-R002 | Encounter: capture intent/goals, reason through hypothesis/evidence/uncertainty and approve plan.",0,MANUAL_ATOMIC_REVIEW,PENDING_EXPLICIT_APPROVAL
PROD-173-R006,PROD-173,ACTIVE,C4,Physician ability to identify authority/provenance of important information.,ENG-290-R001 | Pre-visit: identify meaningful delta and pending obligations.,0.1191,"ENG-290-R002 | Encounter: capture intent/goals, reason through hypothesis/evidence/uncertainty and approve plan.",0,ENG-290-R003 | Plan compile: create prescription/order/monitoring/follow-up without re-entry.,0,MANUAL_ATOMIC_REVIEW,PENDING_EXPLICIT_APPROVAL
PROD-173-R007,PROD-173,ACTIVE,C4,Patient action-plan comprehension and barrier resolution where implemented.,ENG-290-R007 | Patient loop: action plan → barrier/comprehension → routed follow-up.,0.419,"ENG-290-R002 | Encounter: capture intent/goals, reason through hypothesis/evidence/uncertainty and approve plan.",0.084,ENG-290-R003 | Plan compile: create prescription/order/monitoring/follow-up without re-entry.,0.0716,CANDIDATE_STRONG,PENDING_EXPLICIT_APPROVAL
PROD-173-R008,PROD-173,ACTIVE,C4,Clinical safety defects and near misses discovered before production.,"ENG-032-R001 | • Omission Engine asks: what missing fact/action could materially change safety, differential, test, treatment or follow-up?",0.1004,"ENG-308-R002 | Ownerless, silently expired or queue-lost critical work is an invariant violation.",0.0332,ENG-290-R001 | Pre-visit: identify meaningful delta and pending obligations.,0,MANUAL_ATOMIC_REVIEW,PENDING_EXPLICIT_APPROVAL
PROD-174-R001,PROD-174,ACTIVE,C4,V2.0.1 defines product/clinical authority for promoted capabilities.,"ENG-133-R002 | This amendment does not claim that Medical OS is perfect, clinically validated, certified, compliant, or safe for unrestricted production. It defines additional engineering obligations required before those claims could ",0.1362,"ENG-174-R001 | All patient-bound UI stores, queries, subscriptions, jobs, AI tasks, modals, drafts, caches and uploads carry tenant/patient identity.",0,"ENG-174-R002 | Switching patient cancels, invalidates or quarantines stale work before the new workspace becomes actionable.",0,MANUAL_ATOMIC_REVIEW,PENDING_EXPLICIT_APPROVAL
PROD-174-R002,PROD-174,ACTIVE,C5,"V2.1.1 defines their engineering realization, invariants, state machines, safety envelopes, provenance, authorization, reconciliation, replay and validation.","ENG-133-R002 | This amendment does not claim that Medical OS is perfect, clinically validated, certified, compliant, or safe for unrestricted production. It defines additional engineering obligations required before those claims could ",0.0882,ENG-133-R003 | Source hierarchy: V2 product/clinical specification → V2.1.1 engineering specification → scoped agent execution instructions → code/tests/evidence.,0.0613,ENG-133-R001 | This amendment promotes the architecture discoveries from the Agent Execution Companion into the authoritative engineering specification. V2 remains the frozen product/clinical WHAT. V2.1.1 remains the engineering HOW. T,0.0447,MANUAL_ATOMIC_REVIEW,PENDING_EXPLICIT_APPROVAL
PROD-174-R003,PROD-174,ACTIVE,C2,The Agent Execution Companion defines how implementation agents must build and verify those requirements.,ENG-133-R001 | This amendment promotes the architecture discoveries from the Agent Execution Companion into the authoritative engineering specification. V2 remains the frozen product/clinical WHAT. V2.1.1 remains the engineering HOW. T,0.4166,"ENG-133-R002 | This amendment does not claim that Medical OS is perfect, clinically validated, certified, compliant, or safe for unrestricted production. It defines additional engineering obligations required before those claims could ",0.1876,ENG-133-R003 | Source hierarchy: V2 product/clinical specification → V2.1.1 engineering specification → scoped agent execution instructions → code/tests/evidence.,0.1609,CANDIDATE_STRONG,PENDING_EXPLICIT_APPROVAL
PROD-174-R004,PROD-174,ACTIVE,C4,No lower-level artifact may silently redefine the physician-visible product.,"ENG-133-R005 | When implementation discovers a product-level contradiction, stop and classify it rather than silently changing product behavior.",0.1859,ENG-174-R003 | Old-patient skeleton/data cannot remain visible beneath a new-patient header.,0.1182,"ENG-174-R001 | All patient-bound UI stores, queries, subscriptions, jobs, AI tasks, modals, drafts, caches and uploads carry tenant/patient identity.",0,MANUAL_ATOMIC_REVIEW,PENDING_EXPLICIT_APPROVAL
PROD-175-R001,PROD-175,ACTIVE,C2,"After promotion, every V2.0.1 requirement must map to one or more V2.1.1 engineering requirements or be explicitly marked future/not-yet-engineered.","ENG-175-R002 | After interruption the physician can immediately identify patient, current task, unsaved state, new information and pending decision.",0.0458,"ENG-175-R001 | Maintain hazard log for wrong patient, wrong dose, hidden result, ambiguous unit, alert overload, destructive defaults, interruption and lost drafts.",0,ENG-175-R003 | Session reauthentication preserves drafts but revalidates authorization.,0,MANUAL_ATOMIC_REVIEW,PENDING_EXPLICIT_APPROVAL
PROD-175-R002,PROD-175,ACTIVE,C4,Every physician-visible V2.1.1 PRODUCT-GAP must map back to a V2.0.1 product requirement or remain blocked.,"ENG-175-R001 | Maintain hazard log for wrong patient, wrong dose, hidden result, ambiguous unit, alert overload, destructive defaults, interruption and lost drafts.",0,"ENG-175-R002 | After interruption the physician can immediately identify patient, current task, unsaved state, new information and pending decision.",0,ENG-175-R003 | Session reauthentication preserves drafts but revalidates authorization.,0,MANUAL_ATOMIC_REVIEW,PENDING_EXPLICIT_APPROVAL
PROD-175-R003,PROD-175,ACTIVE,C4,"Authority conflicts, orphan requirements and ambiguous clinical semantics must be resolved before final documentation freeze.","ENG-175-R001 | Maintain hazard log for wrong patient, wrong dose, hidden result, ambiguous unit, alert overload, destructive defaults, interruption and lost drafts.",0.0818,"ENG-175-R002 | After interruption the physician can immediately identify patient, current task, unsaved state, new information and pending decision.",0,ENG-175-R003 | Session reauthentication preserves drafts but revalidates authorization.,0,MANUAL_ATOMIC_REVIEW,PENDING_EXPLICIT_APPROVAL
PROD-176-R001,PROD-176,ACTIVE,C4,Sections 114–176 constitute the Product & Clinical Completeness revision.,"ENG-210-R001 | This revision supersedes V2.1 as the engineering baseline once its document QA, traceability and governance review are accepted.",0.185,ENG-347-R001 | Sections 302–347 form the Formal Clinical Architecture Expansion.,0.162,ENG-300-R001 | Sections 212–300 form the Ultra-Senior Target Architecture Expansion.,0.1431,MANUAL_ATOMIC_REVIEW,PENDING_EXPLICIT_APPROVAL
PROD-176-R002,PROD-176,ACTIVE,C4,V2.0 remains preserved as the historical frozen baseline; V2.0.1 is the governed successor for product/clinical authority.,"ENG-210-R001 | This revision supersedes V2.1 as the engineering baseline once its document QA, traceability and governance review are accepted.",0.0925,"ENG-300-R002 | They augment, not erase, the prior Full-Fidelity V2.1.1 engineering baseline and Companion-parity annex.",0.0845,"ENG-210-R003 | Future V2.2 remains reserved for evidence-driven production hardening/product or clinical changes, not merely document growth.",0.0657,MANUAL_ATOMIC_REVIEW,PENDING_EXPLICIT_APPROVAL
PROD-176-R003,PROD-176,ACTIVE,C2,"Next action is bidirectional traceability and normalization across V2.0.1 ↔ V2.1.1 ↔ Agent Execution Companion, followed by executable architecture artifacts rather than continued uncontrolled prose expansion.",ENG-347-R003 | The next documentation action is to update the Agent Execution Companion to these requirements and then perform bidirectional normalization rather than continuing uncontrolled narrative expansion.,0.5436,"ENG-300-R003 | Next required governance action is promotion of PRODUCT-GAP items into the product specification, followed by bidirectional traceability and executable contracts.",0.4391,ENG-210-R002 | The Agent Execution Companion may contain more detailed operational/adversarial instructions but cannot override V2.1.1.,0.1881,CANDIDATE_STRONG,PENDING_EXPLICIT_APPROVAL
